PK_CUSTOMER;customerkey;customer;phone;customer_type;business_family;business_unit;line_of_business;regional_sales_mgr;search_type
211c0945fa44264d46a08a6803a8a4ce05d405c5b3ee00362112fc9b0cea9afb;10000472;Aaron Store;816-455-8733;G2;R3;1;\"\";S4;C
453c00b209838884b03e4c0db6da2ce38249733271029f43212c2123cb822972;10025769;UUmail Shop;816-455-8733;G2;R3;1;\"\";S1;C
de6e6f6be289b0a9fefd6fa2cbb5e913556b879350d0e237dcce52ec86d4499c;10003882;Beech Supermarket;816-455-8733;G2;R3;1;\"\";S16;C
3a156fb85b92895f3ac5537400e8a670a6c5dd1bb904f4ca04cd3ecda81f74d9;10019469;kGS Shop;816-455-8733;G2;R3;1;\"\";S1;C
0ab0c969af00551cedff3e4d423cef30a09a011988af70a045c749dd4d758b39;10023235;ReviewBooth Shop;816-455-8733;G2;R2;1;\"\";S3;C
9c3a16fb6c1c1fb6d5e3f5473b2e027d6585a1a97242cfd32e1879bb93bbd37e;10003795;Bechtel Supermarket;816-455-8733;G2;R3;1;\"\";S16;C
0ac878ba0cde5e5bbc99b79d2333c7077e2e21a43375ba4cefdb4be82fb38f6c;10009631;Clearout Shop;816-455-8733;G2;R3;1;\"\";S16;C
ae459e655a48a3758ef82a4a8b01c08104ce0b570c6a90529eb2d875598149a2;10019512;Kim Market;816-455-8733;G2;R3;1;\"\";S16;C
19453a611514644596f12900c6c3dc86e72022864a82bbb31448004e37868da8;10020868;One Market;816-455-8733;G2;R3;1;\"\";S1;C
3468db90616793fdb79420a5542afe1f26d35b72e7a3a00dda848caca33b9eb8;10021184;Pacific Supermarket;816-455-8733;G2;R3;1;\"\";S16;C
ca74b9524beb7a9325937469e7282b10b64e3f14f4f5192282d447d5fddae62a;10025298;U. Supermarket;816-455-8733;G3;R3;1;\"\";S17;C
8943dd7cafec9b165e66866f2a749f6107326f9b0ff119398a7839600749f273;10010882;EDA Supermarket;816-455-8733;G2;R3;1;\"\";S16;I
56ec0dfef371236f79e29c3eba2d261abd2c0c90c3df0083713bb88bf475bed0;10021459;Papyrus Shop;816-455-8733;G2;O2;1;\"\";S12;C
cab1b6220645145b8e8ed6cd6aa6b41e6b3162052dc407085e4402222b07b2ac;10009885;Degolyer Supermarket;816-455-8733;G3;R3;1;\"\";S5;C
e08b507fbcb359d73694f99fbea2c344b0a1cdb82fdf7f8a3fcb7d14d8c9a629;10013312;Gate9th Shop;816-455-8733;G2;R2;1;\"\";S9;C
b085fea212ab62894af509140a2ae53bf0160ef71793d104b381c901ab28940b;10017638;Kellys Gigastore;816-455-8733;G2;R3;1;\"\";S16;C
ca55e4766466b06406f65275be9e6c003027473a9f74302b5ef035e7614c9a00;10026078;Venred Shop;816-455-8733;G2;R3;1;\"\";S16;C
a87838b7f1bca91ef68682d9527a884ce0157202a86d73613294d54cda378dbe;10026438;PLAINFIELD Market;816-455-8733;G1;R3;1;M1;S19;C
95408e4bef8246bed971f6ddf2b2bf8ce022dc586668f875254436e3e349289f;10010832;?change Store;816-455-8733;G2;R2;1;\"\";S11;C
554640d15391c672fcd6f6b95b979228425acd0900134a9d8c153d067d496e80;10019514;Kimball Supermarket;816-455-8733;G2;R2;1;\"\";S4;C
a19829d026ef866d36773736ceb84f7c73a811f87c4e60f39b593db253db1a1c;10019617;Kool-Seal Shop;816-455-8733;G2;R3;1;\"\";S1;C
dbc438c2ffa07ae7d14330bf3125364716f04fd3d6448820b7c25f46c9757cec;10020864;One Store;816-455-8733;G2;R2;1;\"\";S1;C
1e067a4288d0318e33ada5c1e26a77789a72f934842d1a8ebd03956bb9250985;10023538;Salamander Supermarket;816-455-8733;G2;R1;1;\"\";S11;C
6a0cb3a6c2bbb954f36617fc76ed4859597b66f3c65ce30105c809175287b7a2;10025039;Tandy Superstore;816-455-8733;G2;R1;1;\"\";S11;C
0152364c456274bb250cd20ecebb2632e2e41ab5e9f5caf7e0ca0a6a478c944e;10025052;Target Gigstore;816-455-8733;G1;O2;1;\"\";S1;C
a21cd9e21c75bdbaf0a8f5a10db3558a3f5edaa64687a21df70ea5cc9a3fdc91;10025246;TECC Shop;816-455-8733;G3;R3;1;\"\";S5;C
a354d2e54161a43c132a86dc281218399376deb6ae61267ebaf99565b301f71b;10006983;Brentano's Shop;816-455-8733;G2;O1;1;\"\";S5;C
f0a6a56c2a8b7e455ad3f871246540606d9b7e5a99892070291f94cb7acdff06;10025250;TICOR Shop;816-455-8733;G2;R2;1;\"\";S5;C
8a2762ded943843c05e459ff32e21664bd820779b58bdf32e5d5b20b98c2458b;10013670;Gehlken Supermarket;816-455-8733;G2;R3;1;\"\";S1;C
bec96a5fb26280c9b8ed2d5df3ee39f34141d8ca6e22477d94f9c0709e8ecbfb;10022470;Racal Store;816-455-8733;G2;R3;1;\"\";S5;C
ed41a40247145288a01f62a4863592bd5b919da3f2a8de5dad3038862fad8963;10005099;BF Supermarket;816-455-8733;G2;R3;1;\"\";S16;C
8443939661445ec64e261d824694e6e6ecf39aded375e5597702f6c7ef927cd3;10023524;Salias Gigaplace;816-455-8733;G2;R3;1;\"\";S16;C
3e6d3ce5f0c4b564f75af6c31c98d6ffa0ef5be99cd23246fb9764f65ee1e700;10008593;Capitola Market;816-455-8733;G2;R2;1;\"\";S5;C
6b09fadc9a442f3ccad71601a45bd6a8bc0a30d98d1646acc20609c5adadebb8;10012235;Fimetrics Supermarket;816-455-8733;G3;R3;1;\"\";S5;C
bfb411b91d2e140cc926b4f4256ff5b7fad78f494888cea841bffbf4f0c7c663;10013538;GEAR Shop;816-455-8733;G2;R3;1;\"\";S16;C
adf73596a5109aab0ea99c948638a33ebd85af249bfd9f833bc681b738e0ca40;10017290;Id Shop;816-455-8733;G1;R3;1;M1;S16;C
3e11f13cfdabfeede91d8835d1df3981d0cdbbcb69300684f8bd41ae815d0505;10025251;Time Supermarket;816-455-8733;G2;R2;1;\"\";S5;C
6bbfb8670f61540a6a1d67524d574511540d5b291bfdd2750cf48fe9b9893eef;10025392;Ultimate Supermarket;816-455-8733;G2;R3;1;\"\";S16;C
9f2d287bc327ca87fa86ec17388e09f556483f3367d7319913f4722e1bfedfed;10007120;Brinco Store;816-455-8733;G2;R3;1;\"\";S16;C
6ba7f35111b91dcf5f61a5d203ce87d888c67f10c03346bb3f64a38e463bf470;10012161;Filetron Shop;816-455-8733;G2;R3;1;\"\";S1;C
893292a21803a21d14003065dc147a6c6999074da5484b9f39794e6d156ab64e;10021283;PageBoy Shop;816-455-8733;G2;R3;1;\"\";S1;C
b6e6529a6624311be0b6a9ac89597856dc210871a252b9ad82c0b0cf3c569a75;10024034;Script Supermarket;816-455-8733;G3;R3;1;\"\";S5;C
b94b7e6ab92bb8344f73b8251e4bbd66660f87a9eadac3f8aa8b698824c69ea6;10009650;Dayton Store;816-455-8733;G1;R3;1;M1;S16;C
cfffabc0498165214861b2eb6bc216bc06859292a0fa700655a1bce14656e1c3;10009669;De Store;816-455-8733;G2;R3;1;\"\";S14;C
abbe6674e633966ac1e9dd54f33290a22dd30bd37f8b740fcc88e8943104fc0d;10000456;A&B Shop;816-455-8733;G3;R1;1;\"\";S2;C
b4e46448109dde75934d72f6df46f27f674fc2841d87b5add9c09c533c94fa3a;10013765;Gemini Supermarket;816-455-8733;G2;R3;1;\"\";S16;C
1db2e6b2cd7b07ef0d4b43b0bd2fcd579f16a23c1b0c44a5543d9b2e3e474a40;10021160;Pacific Gigaplace;816-455-8733;G1;R3;1;M1;S19;C
eae19a1bf8c06a8421ccac762e78f29adb28445a96f40c3a24978e3afd5088d3;10022755;Real Supermarket;816-455-8733;G1;R3;1;M1;S19;C
2e4c8b37791abbf57bb74c92e8886d49f20d9d176bfb26864e1ca55033bcabbe;10025560;Unisys Supermarket;816-455-8733;G2;R3;1;M1;S16;C
b94f5ee0c4a35d2a4aef1ecf137169e4d17a034f34decd04f9215ea928535894;10021239;PADL Shop;816-455-8733;G2;R3;1;\"\";S1;C
3e3965563f171604814eae20b7c0ea081e3175d4b46c77c094cc0224d7cef441;10020962;Output Supermarket;816-455-8733;G2;R2;1;\"\";S5;C
71deb6bb6606f371b4c2237fe0a2dd81b3d5a1fd0057d024f542a133b39ca18d;10026268;WarRoom Store;816-455-8733;G3;R2;1;\"\";S8;C
c038f3b311fbc243c6f4f2232ea75075072ad237cd9a340dd101932260691bfc;10019952;Lobster Market;816-455-8733;G2;O2;1;\"\";S12;C
78de447a4defc02151576f2eaed8fd8ac805778162f3a0584a90c514b6150ba4;10014495;Harvard Supermarket;816-455-8733;G2;R3;1;\"\";S16;C
61cfbc0aabd42796e1150ddd07e099f4c130b2ad274f2464532dcefeb9a3fb96;10022444;R.J. Market;816-455-8733;G2;O2;1;\"\";S12;C
9fe43ca6f5f1ac7b29ab27273906965a7b50b1da87f957ac16cf9626b5805ca3;10025302;U.S. Market;816-455-8733;G2;R3;1;\"\";S1;C
82abf2e6149457d0087c5c33a29541378d9ec660f6c424ccaf2426c282e111f4;10003857;Beckman Market;816-455-8733;G2;R3;1;\"\";S1;C
58922952e0bb2eb71d173e400c613ff88c5cce5665c3b8ed0a44caf2be513bc1;10013899;Grumman Market;816-455-8733;G2;R3;1;\"\";S1;C
e0d6ba88344f855fc3961c4f7c300ebc1e69b756a1119bbe152e5be0809f7a46;10016780;iBEAM Shop;816-455-8733;G1;R3;1;M1;S18;C
4e8d5ae0ae57dcf193f4c00e6caf6b010f2c0529d4601a825fcdaa1877c6eab9;10011870;Fenwick Supermarket;816-455-8733;G2;O2;1;\"\";S12;C
2725fe441be92b9095e0eeba224a408b24ba359effba60a741483ec3719a1544;10016047;High Store;816-455-8733;G2;R3;1;\"\";S16;C
41a858cc31878bc45ff12e81498fac8694a41ba3b90b72cacecb49c4551c5a06;10020639;NECX Market;816-455-8733;G2;R2;1;\"\";S5;C
32d8f0078ba440a3eab7e45e426c0d6af428e2c8d3b1604d07c6c7b46bfcd905;10007564;CAM Market;816-455-8733;G2;R2;1;\"\";S1;C
950d24b817d9c6bce86bd4a2a00dc5434240a26ae702ed976cae990e2a8d8811;10011018;Eloi Supermarket;816-455-8733;G2;R3;1;\"\";S1;C
1835b042de9770389727ca2e4a72808bd774398c259874b3602ce9f8df28e4cf;10019942;LMAO superplace;816-455-8733;G2;R3;1;\"\";S16;C
d925ace68f2d6b930893dcbdac79e3968bc5d9667fa76f939173f2ea221cbe96;10020266;Maxwell Supermarket;816-455-8733;G2;O2;1;\"\";S12;C
988551d23bfa5df2bd0684c0f44fdda86c744efcc7a31fba75a9baf901002019;10025758;UTStarGate Shop;816-455-8733;G2;R3;1;\"\";S16;C
f946d72f8ce86466955290a9a3a9ea3e1de4ec7d99a9ae2c64241bc9ee49f169;10026606;Xilinix Midstore;816-455-8733;G2;O2;1;\"\";S12;C
0d2fa211e4fae85b310beb8b8e450df510d97b019a66c6f803f1561fbd239347;10007134;C&C Shop;816-455-8733;G2;R3;1;M1;S1;C
c56f67b6dd4c4f349c5768c1e90dada3e2f388f4537510e4bf50a63ce6b67765;10011360;Equitable Store;816-455-8733;G2;R2;1;\"\";S5;C
efad540d8e6ed10c4385bd69f3cd751957b2537329087f9b0da4b34649495113;10016334;Hobart Store;816-455-8733;G2;R3;1;M1;S16;C
4c2be25a48dd605005d94b26099624146ced094ba479cdc914f7307389f05be8;10020491;Nbase Shop;816-455-8733;G1;R3;1;M1;S16;C
158eebd4655ccf36ed37fdb2dfd7040db5711aea78c7f8514fb71ac4bb362b02;10025033;Tally Store;816-455-8733;G2;R3;1;\"\";S16;C
f015b61171e14ac0859754f0426742a779fc289738aa4245ffcc0ff41491f7ef;10002150;Accumedic Store;816-455-8733;G2;R3;1;\"\";S16;C
f8f4f1c3295bbdf0794f141270b3b4b7fb46023014cc96ba44f46964a2347105;10016807;Ibis Shop;816-455-8733;G2;R3;1;M1;S16;C
5c5244bd8280f7f4a0c596221ca72b182588f8536c2374037e3a19bf76f22b9c;10019410;Keystone Store;816-455-8733;G3;R1;1;\"\";S2;C
dd0ea3b5a91da903f3c3444ef6b1fd455dd988b180d155e13cab49c6f2ab4b99;10023003;Remedy Shop;816-455-8733;G2;R3;1;M1;S16;C
dddd74b3613f0b49dc65ff7cc473e7b18c691a6c6fdada3035870b58d5aaf424;10025515;UniPress Shop;816-455-8733;G2;R1;1;\"\";S20;C
64588b6e2065ed398ceff10a18ee9a83841795c75d26fa92a2fd6054ff1da2b0;10009642;David Store;816-455-8733;G2;R3;1;\"\";S16;C
b3604418d636a7571dc65de33fb9cab01c958d14f5880abf694b1166a0531369;10009697;Debian Shop;816-455-8733;G2;R2;1;\"\";S5;I
4afc90c3798c969bde12b4beb3c13dc52ae7d10277637cafcb81bc52311c764f;10013509;Geac Shop;816-455-8733;G2;R3;1;\"\";S16;C
e63e2391a8437eb3a98349fae281fd25209e02149f8fa8abd19a47840c83a738;10004516;Besicorp Shop;816-455-8733;G1;R3;1;M1;S19;C
8b9b62278d355b610d71bbf55a07d56ff8e971944d5fe7f8a312e98472f59ef6;10018352;Johnson Store;816-455-8733;G3;R3;1;\"\";S5;C
4ff132b0969a5c869cf3f23a8c67bf0a1a4cc3f7b2d9aa8c5ea438592b209928;10018623;K&M Supermarket;816-455-8733;G2;R1;1;\"\";S5;C
ea0f0930457a19f54696b9825fb963a82093616e2a1108e35a21c8fee957755d;10022249;Quantum Supermarket;816-455-8733;G2;R3;1;\"\";S16;C
229b8b7531b26085afd21c7d3be3f73b2a612a9d65ac18a07218c0b41d6293cc;10003720;Age Shop;816-455-8733;G2;R2;1;\"\";S5;C
f2a95c0665cdde13453f909f91e5d30f384ed34285924100d1ac05c1d6ae65a0;10009606;Champs Gigaplace;816-455-8733;G1;R3;1;M1;S19;C
ccb427237fdac7f71744df234ffd1c10e2c5b4ba95b5bfa489269d77981fa6c9;10012226;Fills;816-455-8733;G2;R3;1;\"\";S13;C
7e256ebcd788b3f89e72c4c8a3d0c9cbda9e6da9c1a3c129bb638f3d3e9d8ef4;10021240;PAGE Shop;816-455-8733;G2;R3;1;\"\";S1;C
6f9accfa605d6d5157df2213b379514b6bca2dc3df2a7fd99f8f1fa5b4cff00c;10026348;WDND Shop;816-455-8733;G2;O1;1;\"\";S5;C
41023645911dba33bee20aa594adf84b6ce534c689492a1a9d97fa6675f9998a;10000601;Radio Market;816-455-8733;G2;R2;1;\"\";S5;C
109ff853c058c99ea2e13bdbad095f74627ca7deff5ef6ccf4944fb8afa1f05b;10014739;Haz-Mat Store;816-455-8733;G2;R2;1;\"\";S5;C
c95fafd4875aff524ce92496ba3ee1b0b88a76f8b966c24e9ab518500b9f4c71;10020982;Outsource Store;816-455-8733;G2;R3;1;\"\";S1;C
8d9c86fdccf6e13eb135d2ea64b45705f685b6f73ebbed4e34fc5687fa7f64ed;10024524;Southam Supermarket;816-455-8733;G2;R2;1;\"\";S9;C
d14bd512b0a8d5f0932afbd72b0fd8cc3ae5b7c3fa4af1b7913a0e9739ab9e99;10002155;ACES Supermarket;816-455-8733;G1;R3;1;M1;S18;C
fe7d31de3407cda5ec141d9a5c8fd07b1387fb20ef831e7a5ac5dc43385ee49a;10008638;CAPTA Shop;816-455-8733;G2;R3;1;\"\";S1;C
0e443e531d2d347c6c0618cdb51970585b9e318e550fcbf2b02126bda87795f8;10014047;Gulf Market;816-455-8733;G2;R2;1;\"\";S4;C
9242033ce31350d0b2d8cd300a766de89c4f1d6199d65f8ed82909f47e10498b;10022423;Qwest Shop;816-455-8733;G2;R2;1;\"\";S5;C
14d709db2fb04d45f8d322ff80dc98ce09700f0ff83dc325eec1efdc50a39ce9;10024246;Siemens Supermarket;816-455-8733;G2;R3;1;\"\";S16;C
d5064901e35632231f4141938541c52a41b87ec345ac353642301385a65da31d;10025814;Valpatken Shop;816-455-8733;G2;R3;1;\"\";S1;C
17a746bd83c27b8527a5def9f3e7006c3f161cbc9a2d9c2f27ba0d25ccc7bf52;10009623;Chas Market;816-455-8733;G2;R3;1;\"\";S16;I
b2a9d3077c9bfbc1e2dd63ef1d0de136473716f34d8501e8ab43bc96a2fa4bbb;10009676;Pereras;816-455-8733;G2;R3;1;\"\";S16;C
92ce95d99ff459cbe6574f315308ea2c68986d1e8a40df2d10ad327098b92394;10020715;Old Store;816-455-8733;G1;O2;1;\"\";S1;C
76e0c1b2e4ff8c2819ffd0f84e0b9b010b93123def7c516e42546cbd7a17c02e;10001818;Acc Supermarket;816-455-8733;G2;R3;1;\"\";S16;C
820ab5f004a077a6eeb62ff2d5eeb74d0c7f6d84e38e5fdec6bfdf69cd24f698;10024499;Soloman Market;816-455-8733;G2;R3;1;\"\";S16;C
8d48504f134c5d66c0057b9b2b2a80df1ef51d46fabe979ee73dbd2a827ea23d;10024725;Stone Market;816-455-8733;G2;R3;1;\"\";S16;C
6da6bf108a3e59b0ccbb78c46a10d7ffd1a8fb4b48baca995aee3df451e80668;10025299;U.S. Market;816-455-8733;G3;R3;1;M1;S5;C
df7b777c8a52324840a564fb2c3b2da9d74f6b2e0e318a51628f7cece86c3013;10018665;Kaim Supermarket;816-455-8733;G2;R3;1;M1;S16;C
4b07298fd8df51b0ecf220c507687576712a07c443dcce9d551ef6464cdf5dae;10022732;RC Market;816-455-8733;G2;R2;1;\"\";S5;C
91aaa4cb38896090397033f4f7a135b16aff2be0cb2f131fb470c218e9781a3b;10025023;TAL Store;816-455-8733;G3;R3;1;\"\";S5;C
f6f442c6b89393fcb78a3520aab71c7eec2f0c816c616812c37e5fc933ae481e;10010912;edit.nl Shop;816-455-8733;G2;R3;1;M1;S16;C
7db6ab247d14c307e7e4e930fb6dd087f00e0b0b34149aacb56dcac7d126f633;10020332;Medics Shop;816-455-8733;G2;R3;1;\"\";S16;C
c97109844d71b339d547a4e2098fc611026d7ecab6922752e9c956f9486ee554;10021986;Pinnacle Supermarket;816-455-8733;G2;R2;1;\"\";S5;C
e484324f4139292d93e7371cbcd0df767592166b06a6d28475e650d88820312e;10025061;Target Store;816-455-8733;G2;R3;1;\"\";S9;C
471c7a056c2af9c5ba567926a75ef279206bcc0a41c4868e49fe8003208296cf;10026365;Whites;816-455-8733;G2;R3;1;\"\";S16;C
8cb88734954be718bbc1b54a328410596fda0ff300f3876d0ea0a94d53ee524d;10000496;AboveNet Shop;816-455-8733;G2;R3;1;\"\";S9;C
3b7677e862f35c4a29b08fb892a6d3e0034240732196b18391dc4febcd2b5691;10013238;Gastown Store;816-455-8733;G2;R1;1;\"\";S11;C
48399ad79fde27c20d6e58ace2f0f879c0e5301921d6522e1506e2bba1351eec;10015886;Hewlett Supermarket;816-455-8733;G2;R3;1;\"\";S1;C
2783cc864dcb5b4feb15b5d684e4670cb53a1656019ca2ba2ffa4a32704a0574;10023471;Road Warriors;816-455-8733;G2;R3;1;\"\";S16;C
50b7644a75485d3e67c681bdff408bf4e6c80ea428e5313631613f9975cd91cd;10025359;UKnames.net Shop;816-455-8733;G2;R4;1;\"\";S18;C
b8c469d0e1585d2bc4704ad8d149dab33b0cf20d4a1488e519449858e88f1ebc;10006917;Borden Supermarket;816-455-8733;G2;R3;1;\"\";S1;C
dcfd1a6fd604721383980dbfe485f2d09fa1aee053add899aa6688c5248990ad;10008381;CAPCON Shop;816-455-8733;G2;R3;1;\"\";S1;C
98c377e0f788546a054c0614d6340b5cf81e236b16207ed1048aa26cdb39f6aa;10014238;Harbor Store;816-455-8733;G1;R3;1;M1;S19;C
dec8e6bf7e37ae521c6ca6476a18a9aac425f7624bb9893bd984aa74cb40554f;10014546;Hauppauge Supermarket;816-455-8733;G2;R3;1;\"\";S16;C
b98d65abb2276a51f7164a39e9f152c22555647aa8c4ab5f2690c700cb8111a5;10026336;WBM Store;816-455-8733;G2;R3;1;\"\";S16;C
31e59176b59773b49b4631bf6608d99cc9a07258967efc1e745d7d579347cd42;10000469;A-2-Z Supermarket;816-455-8733;G3;R3;1;\"\";S5;C
5849e85f422a4d3984f678c366f9212b379685dda3b10438905badcae6282e38;10003554;Ad Supermarket;816-455-8733;G1;R3;1;M1;S19;C
b5ae36746451253de9e0da8425e707419322c49f0931200f757d6a518f402a12;10013079;Gandalf Supermarket;816-455-8733;G2;R3;1;\"\";S16;C
e4bf63ebed774c2cb5e3d4bb44fa237bd302a4fdc0c51808d1beffde1f4cee6e;10014043;Guarantee Supermarket;816-455-8733;G1;R3;1;M1;S18;C
63e7e1b472238605d93c20bdf1b1c3fe6db3f59029e5f3e7fcc6e394361fb926;10018603;K&K Supermarket;816-455-8733;G1;R3;1;M1;S19;C
f052b71543c6d647a8c65ebd1f86d1352d8e2178574291a1dc7c141e212b06e4;10027050;Your Market;816-455-8733;G2;R3;1;\"\";S9;C
213ca222cfec947e3bef60edc6b2c45332f6321ea733ef6e854fc3fd3866520a;10002746;Active Supermarket;816-455-8733;G2;R3;1;\"\";S9;C
62da492f7cefd532632e3b2771d8df026b41f1664bcbbc53c75ea42a319d329f;10007122;C Store;816-455-8733;G2;R3;1;\"\";S16;C
c593de5dcb5cabaa1d33f62fa91336c1fc0c2fc103f053735609dd73a31ba4c1;10013871;Grove Supermarket;816-455-8733;G2;R2;1;\"\";S5;C
bdbfda1d8c8f5a612c28b4e3ff11a46de173e08d3b9c4bbc84752bc493064315;10020181;Markets;816-455-8733;G1;R3;1;M1;S19;C
ee9646a0eb02393fed9edaa8479f4ba8e3ee93b67e6e07ec854be9508bcf14e6;10021270;Page Market;816-455-8733;G2;R3;1;\"\";S16;C
118e1cd946049a553d6e531e9dc5ceed3e9ef3c805761e331f50ba5de97546ae;10011981;FIBERWORKS Shop;816-455-8733;G2;R3;1;\"\";S16;C
ae34aab0c1e292134dbf029a9cf541a539efde3e2f41b20ee1de90d144545348;10013252;Gate Shop;816-455-8733;G2;O2;1;\"\";S12;C
24cc4e64434ed5753793d83de1477255268c2dc3bc01232992760be5a69f9741;10017852;J.A. Supermarket;816-455-8733;G1;R3;1;M1;S19;C
6128fbe6343b5b312090373c0d70360d05d1c2d28f9456716a1b3f3f5a2866fb;10023495;Safe Shop;816-455-8733;G1;R3;1;M1;S19;C
7971f3d1002875dc5a1394863d51e7ddb4969abcb38ab3d97e682177dc2cebc1;10023760;SataMine Shop;816-455-8733;G2;R3;1;\"\";S1;C
efba01dfc9a5d7dc928e240c4c8edd070e7f96c41eca7229f99b2953eea8a24c;10006919;Hoovey SuperStore;816-455-8733;G1;R3;1;M1;S19;C
96fadd62a3740856a6e282e7fc09956ac8a6a4e7f88810a916a4a7b688acfa1e;10025237;Team Supermarket;816-455-8733;G3;O2;1;\"\";S1;C
f6a8d3b8c69b0e727b2a8d1c4306608e246602bd1e9835041ac5bca9cbbf1a9c;10026839;Xtreme Shop;816-455-8733;G2;R3;1;M1;S16;C
b454da0f3d3c77a32f0b1c4e645c4a165019f6f54fb228621253d26be973ace6;10007123;C Supermarket;816-455-8733;G2;R3;1;\"\";S16;C
241866ca2479c9e6b80138377d43f6fa11b90902e880f1de5ec0f88eee87dc7d;10010969;Edorex Supermarket;816-455-8733;G2;R3;1;\"\";S16;C
ac37247e059074ea80b33020b29eb0885341fdcd61cbc46464d70f7a9c80d70e;10014469;Harte-Hanks Market;816-455-8733;G2;O2;1;\"\";S12;C
c4e14965e96d67bcefc62120adf669cadd352bf82a8afd8bad2a5339e35c6eb8;10015267;Helfand Store;816-455-8733;G1;R3;1;M1;S19;C
6d3db3631911bcf4e71062cc495f64fdc80a392f0ce74b763dd99bf5cee8e34f;10020515;NBX Stores;816-455-8733;G2;R3;1;\"\";S1;C
ea9f2917ec5dc1fce97834e578756827a9464fa647dd330bc3b0f64411e6030f;10004602;Best Supermarket;816-455-8733;G2;R3;1;\"\";S16;C
cc14514c310fd0c8ad0b54ad4ff24d8a1e24f1613dbad8bc049ac6fdeeecbc87;10005810;Big Shop;816-455-8733;G1;R3;1;M1;S19;C
3c3c86f0658f367771bbaf3c995e7a31ad9b5bca16345e14a7efb83908cd9342;10020413;Molson Store;816-455-8733;G2;R3;1;\"\";S1;C
4ac3ec3221137e39eb51a103e6481a372b87fe0131e2546d2e969d2dcbacdf3b;10013572;GearSource Shop;816-455-8733;G2;R3;1;\"\";S1;C
67979de302d30576dd64815e0c201d1b13536c882c50142f9fe28c9f21dafd36;10019913;Livezone Supermarket;816-455-8733;G3;R3;1;\"\";S17;C
4590225e456bbf8975684dbc684ea90d1912131b5a008a169855739ae921b3b2;10002506;ActionWorld Shop;816-455-8733;G2;R3;1;\"\";S16;C
1c30d070c7aac96b5d451b500f898db89d1ead7d4a3b7f112d3542e6a956b594;10014802;HBS Shop;816-455-8733;G1;R3;1;M1;S19;C
32395d81cd1dcd23b3b174ccc4415654c9cb805e234179739e948249a8c0a775;10021736;Patton Store;816-455-8733;G1;R3;1;M1;S19;C
51bb30868c66ebd5190f01458d1dee6fd358ed98bf4d5688887625ec441e7632;10023759;SASCO Store;816-455-8733;G2;R3;1;\"\";S1;C
d1bc3277f879ceeac3103f25251da35b4426538ddddec4a4ae84659b1bab99a2;10013052;GammaGraphX Store;816-455-8733;G2;R3;1;\"\";S16;C
9b9baac713c30b72c1bb5d637777f79b338e1c21513eec1e0c29870241377aed;10021977;Pinnacle Store;816-455-8733;G2;R3;1;M1;S16;C
b5aca51f8711a0eca0f69b3e1126284fda9e77d411c1dda5a02c47e05fc31b48;10021996;Pinnacle Supermarket;816-455-8733;G2;R3;1;M1;S16;C
27500f2cd371eef2e3654164961909c6e9b99ba3a8a07703bc2bcd2cfa78d54e;10023757;SAS Supermarket;816-455-8733;G1;R3;1;\"\";S19;C
1322f6cb44f4f0b329a117498ebb0831e26ce95273a7cb0dfbed0ed75a33536f;10025040;Tangent Shop;816-455-8733;G2;R3;1;\"\";S1;C
63ff8772b80f9e01ebacfc3c497c64f2ab0ed8aa73c7244efb029da394b4f486;10025247;Telesat Supermarket;816-455-8733;G2;R2;1;\"\";S5;C
39ff6d42c5e41b9bbc08bb3749e4a729ed71e2e7a39da53706b12510c5549a1f;10009654;DCS Store;816-455-8733;G2;R3;1;\"\";S16;C
f75cab1ec24f1ec6f40d86d4c752330976a77dcaf88bec7beb9df3a9d4f0bc11;10018868;Karickal Store;816-455-8733;G1;R3;1;M1;S19;C
38dbc9be46cbd93e72e68a907a878e9e94a866173988ec668d31ea3739374425;10025558;Unisys Shop;816-455-8733;G2;R3;1;\"\";S1;C
9854f197c9951eee5c746d2978c351428175b029e4a933da63a9c06515c8c3b5;10007309;Cadtex Shop;816-455-8733;G1;R3;1;M1;S19;C
7ce3a48a7f2bd3d7f79a74db935a14698a5eb92e3a7308240ceb1292cbbfd6e9;10016303;HMR Shop;816-455-8733;G2;R1;1;\"\";S20;C
a688ad9c2cb99ca7c4448f5de0509e2ed951efe58c6b51a7ef0c70b14b4ab8d6;10020184;Matradi Megastore;816-455-8733;G2;O2;1;\"\";S12;C
4751705328956f8b0d993a490d6284f7b2bbf494b250fb9bdaa5526e22bcaef6;10024743;Stone Supermarket;816-455-8733;G2;R3;1;\"\";S1;C
f54f1130d44cbf43f565fafac3dd0257cf97dc014164982766593e4e08f08302;10013188;Gartner Supermarket;816-455-8733;G2;R3;1;\"\";S16;C
785ab1ba938c6d647942b23b897481a95e0ad1045af19e7294721f6d0b3f0336;10021422;PAP Supermarket;816-455-8733;G2;R1;1;\"\";S4;C
19978090da6f2fd860007c815c2afdcaa15c2e1f4556d8d383f84a60590e38be;10021485;Paracel Gigaplace;816-455-8733;G2;R1;1;\"\";S22;C
cff80ea72fa9627f174ab74e28d01979d48754d7bc189ddeef0f41db04c8bc96;10020364;Mersey Market;816-455-8733;G2;R3;1;\"\";S16;C
d9169539eb368defa98937d17ca6ec8d463401bd419e56d21644e0e6eee52057;10010914;Editor Shop;816-455-8733;G2;R3;1;M1;S16;C
fbeba6f47031f6030338a2959b1c2df8fde47c341335f3097d9ebae089ff5152;10011997;Fibronics Shop;816-455-8733;G2;R3;1;\"\";S16;C
8bcd184dadd7122f20d8bc7a4491c95713450e0ba6c712d0a2089d031090baea;10022962;Reflex Store;816-455-8733;G1;R3;1;M1;S19;C
152f90c18cfff3305dc3327b637f86fde7cf6af8aa01bacfbe17068b3d34b0b6;10000471;Aadast Shop;816-455-8733;G1;R3;1;M1;S19;C
c352de76bb29ff1b0722664814ca7a81cc51fccda28e24895be32b65fdbbd85a;10006836;Biz-comm Shop;816-455-8733;G1;R3;1;M1;S16;C
0f6ac27f5e06b3ca9876dea471e6c89695abfa2aa7f0e5b6fc2bf719e7c059de;10007566;Cambio Shop;816-455-8733;G2;R2;1;\"\";S9;C
1cba8fda150cded0f959b8fa75ef2840030785f3d86c3bb7b17b73a872648bc5;10002765;Active Store;816-455-8733;G2;R3;1;\"\";S16;C
a0f3a0aeb4f7babeba7f73313e68595e421db57579c2504bc5c080f19a8e600d;10009643;David Store;816-455-8733;G2;R3;1;\"\";S9;C
829007531ca5ba411764d61f4e8dbd46e58dff765c733a1cfe9eb87292d746a3;10023241;Revnet Market;816-455-8733;G2;R1;1;\"\";S11;C
ec021de75562269135338601b06fabf3037c5d78239cae376f29a2e167b66b6c;10011623;Federal Supermarket;816-455-8733;G2;R2;1;\"\";S3;C
ecd86166bfebe8fd0876e9ad081204d1cea097c39fdcccb3cb9b03f7a59f7a73;10021203;Pacific Market;816-455-8733;G2;O2;1;\"\";S12;C
97ddb984f3c9d8dca2e8209b90a08ca76c38aa0135a3d2ac853dc808d586abfc;10022764;RealiDyne Shop;816-455-8733;G2;R3;1;\"\";S5;C
49f674e57c5c5dbf4d0756840113d971c410855fedb6384a0c4f6055f7d86815;10002240;ACS Shop;816-455-8733;G2;R3;1;\"\";S1;C
be2447921e1f1245009f28eba154a8702d6210ed280e884dcf02056bd58e177d;10014810;Healtheon Shop;816-455-8733;G2;O1;1;\"\";S5;C
8e371dc07a40ad2e12a7051b4aa08b1ff587e96ae93f00cb0fab07cf79eda871;10018580;K Supermarket;816-455-8733;G2;R2;1;\"\";S1;C
0af7f669e1326a7b73750b039184f764595fdee571e1ab8bbeab2663ac134895;10020080;Lucky Shop;816-455-8733;G2;O2;1;\"\";S12;C
a314b8a75f06cdcb8557f525788fe414710d437b561b565f69db023dfa2bcfdf;10002142;AccuCom Shop;816-455-8733;G2;R2;1;\"\";S5;C
88856370eab04c9197cab8cc567161de97cfc9fce4eb37b97146d0f1d6fa2e41;10013332;GateMaster Shop;816-455-8733;G2;R3;1;\"\";S16;C
75b30f388d824dc9992b8ebcfaf38af93276c6c85159368a62eb12445baa8267;10015030;Hegemony Shop;816-455-8733;G2;R2;1;\"\";S5;C
1affeb6124799d340a567434098fdc5ed372055d15fb45aaa6f40fd3b3350f48;10025243;Teca-Print Shop;816-455-8733;G2;R3;1;\"\";S16;C
f0db0ab7bf97c311c18c134e935c124811f5c987d55d452cd26212cf8b7152d2;10009672;DEAC Shop;816-455-8733;G2;R3;1;\"\";S16;C
786f37f34de4358c8561c45804402559a059ab0b14c63f1a29aa88f9abe9b0a8;10002139;Accrue Shop;816-455-8733;G2;R1;1;\"\";S11;C
53507cfb0d7fa7f91a65e8038d3f45e89a7103b171e7207bd89cb9da4025bf79;10009656;DCS Market;816-455-8733;G2;R3;1;\"\";S16;C
b623bd65cbcfe8e348beb169f68c76c69639e09ff77d031bced2d8f9d1232cc0;10010990;Elbit Market;816-455-8733;G2;R1;1;\"\";S20;C
48a5f92a5c896a38a820b6565b152054b0ea58fdf2e3564735b149ac892166de;10011842;Fentek Market;816-455-8733;G2;R3;1;\"\";S16;C
eacdc9abb2c1b997fec80a210e33c5c769310474ae51536cb0fe425b017f5db0;10013472;GE Market;816-455-8733;G2;R3;1;\"\";S9;C
821f2d637c0bc2356e2871aa4a8d7c7f1907935d905e98d298c9589a09dfff0f;10026522;XCOM Shop;816-455-8733;G2;R3;1;\"\";S16;C
35ac7a9c4dbf1c228263c25edd2618f51c3cc45ce7c72ab760daec95cbbac0b3;10012234;Filmotype Shop;816-455-8733;G2;R3;1;\"\";S16;C
91e21548f4c773017267d333e4ba12312f36dd52c51ab7240c8837b69821f1dd;10020927;Outbreak Shop;816-455-8733;G2;R3;1;\"\";S16;C
528c711e363b31f7f69d2fd67068bf5a88731ee6750a3c47186da8174527efc8;10021470;Papyrus Supermarket;816-455-8733;G2;R3;1;\"\";S16;C
f0dee254efc75822c0c41c9ddf8e4fb4f40f2ba5a87e0d949b681b5810e6a01b;10025737;Userland Maxistore;816-455-8733;G2;R3;1;\"\";S16;C
89bd46bd7ebf68db60621487e5a9d30747207135d769af9ee8df1dbe3446359c;10011732;Federated Supermarket;816-455-8733;G2;R3;1;\"\";S16;C
56032365de399b7302218d0065d4f1313d7eb8081ce6bad452c318185cb6b3d5;10016113;Hill Supermarket;816-455-8733;G2;R2;1;\"\";S5;C
59edb1d2ae6f5cf8642d8b20370dbf5bf3d87345a4f65e19fc5a2cee3a34bcfe;10002149;AccuLAN Shop;816-455-8733;G2;R3;1;\"\";S16;I
0c771bbd97ff0760fb986a021d0edb54051407ea34f365bd78c46dac6aa4fec3;10002137;Accidental Shop;816-455-8733;G2;R3;1;\"\";S16;C
dd4ce4c724cba1f51d31bebca366a0e40c2ce6c41183a04fe9f8bbe7847c20f3;10004256;Benedict Shop;816-455-8733;G2;R3;1;\"\";S16;C
1aeb799edfee8e75ffe4163aed72356733ce0af58564bc2f40c0e17c292b6966;10005688;Bien Supermarket;816-455-8733;G2;R3;1;\"\";S9;C
3e9659fed3ace717a09887d675d002ff9585cf88b5d7cd6f537b331c8f44df58;10009356;Central Supermarket;816-455-8733;G2;R1;1;\"\";S11;C
b9393611fb0ca728b00dc1d6cbc02c976127851121385ea2a9db678b6dca40a3;10011979;FiberPlex Shop;816-455-8733;G1;R3;1;M1;S19;C
d0c651e4710f7e867f209a989ae1cc1ca79436329f2f6c09c2e4e1e7c18e0c10;10025771;VA Supermarket;816-455-8733;G2;R3;1;\"\";S1;C
9229700feca6f398dc9322b4ba398c9cd20551f57d46e10c8d223d5244bbccb7;10000480;Abbotsbury Shop;816-455-8733;G2;R2;1;\"\";S5;C
9f555c4527f676350f5f0e5fced002eb2ba51728a3a48030b89053b3487d805e;10002136;AccessWare Shop;816-455-8733;G1;R3;1;M1;S20;C
b51c2dc028ddff16bc12f2092e8103c8cafd56bca3b3a00a15035423c3fa0729;10021107;P.C.G. Supermarket;816-455-8733;G2;R3;1;\"\";S1;C
1d3483d534c43fb0ae54e7d5d7571fa7b18e2bc80e55d56a8ea2d524d7e8ffd2;10023511;Sage Supermarket;816-455-8733;G1;R1;1;\"\";S13;C
7ce6f82ec675761ebeae1f47c551573e3d408d9da7e1f060eecbc3505cd679b8;10002140;Accton Shop;816-455-8733;G2;R3;1;\"\";S16;C
4e49026507fecccf21fe0e25e73656a1a16796d8a7b02b73fe0e25dbabe79869;10027381;Zero-Knowledge Supermarket;816-455-8733;G2;R3;1;\"\";S16;C
654b2e84979a6bbe72174a47822beb7a2fd35a54d0c625859a3a401eeb530303;10013080;Ganymede Shop;816-455-8733;G2;R3;1;\"\";S16;C
ab5d36212824a06d725a687bd827d50bda6118d8702fc271acde303648c874a0;10015275;Helios Shop;816-455-8733;G2;R3;1;\"\";S16;C
6c3b6ba0ac75ee80d9c465c1c05d906437ed4752185bf3df108b4c1c83482cc4;10019388;KeyComm Shop;816-455-8733;G2;R3;1;\"\";S1;C
2d2bef39036fd7fe3f085fcd4ad13a89f4f389bddf51246d1ead13360f13867a;10025267;Todd Supermarket;816-455-8733;G3;R3;1;\"\";S5;C
ee7d2c27bcde0d0101160a6597a677e201efe8f04fb966898925507685eb67e8;10027082;ySecret Shop;816-455-8733;G3;R3;1;\"\";S5;C
c307f3a587e0d9c273de9e67ee023b82e2be3442a15fa9aabc7307960da70c77;10010886;EDGE Supermarket;816-455-8733;G2;R1;1;\"\";S11;C
ab669ccbc3d4464e99bb49e11ed8c5ebfe951c739aa505c9619ad8d5ded55fc0;10019880;Litton Supermarket;816-455-8733;G2;O2;1;\"\";S12;C
83ff6be0e6a7a7a0bf93db3b6f57d851e9bf9db5e61362a2ac174b334aa5c387;10027053;YourFuture Shop;816-455-8733;G2;R3;1;\"\";S9;C
3f0980289179692c051866f13e6961e68281aa13118a4434e294aff6829ae928;10012158;Filene? Shop;816-455-8733;G2;R3;1;\"\";S1;C
1d3c1c41fb14c2bda4bb2d23e982111e36a132a71815dd0ff5469b1bf97915c6;10012927;Galaxy Supermarket;816-455-8733;G2;R3;1;\"\";S1;C
704c17a6f9d8bf223bbd0e5f95733511c9f85f0787c4f8f3ed4d1564af013ed8;10020256;Maxtor Shop;816-455-8733;G2;O2;1;\"\";S12;C
e1e678c7427168c28c799a40f64b5d8755da494e67337b23a99cd1b02513340b;10022240;Quantum Supermarket;816-455-8733;G3;R3;1;\"\";S5;C
61b21fa006869fd61016c5de0fed7e9a185774dfa4625739ffac256e259c383b;10023715;Diss Gigastore;816-455-8733;G2;R3;1;M1;S16;C
ca1f2180986952bb370c031086de72f0f8da2f0e7bb3ea2d9a335fa3bfdbb7e8;10023780;SAT-SAGEM Supermarket;816-455-8733;G1;R3;1;M1;S16;C
ae1c87e01d40024b913167be09a481ba53f9a363bdd7fa178be9be39da57f885;10009662;De Store;816-455-8733;G2;R3;1;\"\";S1;C
c454e342ea805c60577bb0ad9b2beed104be8adcd9b67d1254357542efa86cd7;10015956;Hidden Market;816-455-8733;G2;R3;1;\"\";S9;C
9fe12f962addfdda9cc618a15c1a13a870ab8dc0e47ce4d3f9dfbcf25eb9d108;10020915;Ottercom Shop;816-455-8733;G2;R3;1;\"\";S16;C
f248f61b2f02254cef7a211cfe883ac0f7caf1504a81724d63425627e61f4321;10022434;R&R Store;816-455-8733;G2;R3;1;\"\";S4;C
28db6d64897d55e8ca86a764ed7e8e5f8b049f22e7a0e49bd17e7971cb09cba5;10014540;HarveyOpolis Shop;816-455-8733;G1;R3;1;M1;S16;C
82e3d9d4a242a8715b08374535cfcb6f46092408f629c66dcba600b6863d704e;10026055;Dellovade, Supermarket;816-455-8733;G2;R3;1;\"\";S16;C
3dfc9996a17b268a87d0e07ecced7a375e16e12dda67b419fac130d9e1df03c3;10002489;ACT Supermarket;816-455-8733;G2;R3;1;\"\";S16;C
1f2a0e0818e6e1e3e70779e523dc820c34ab45c612f65bcf9adf7a195e978c93;10002526;Active Shop;816-455-8733;G1;R3;1;M1;S19;C
1f4ecef403018de4794b1ff9f5e581df5c56118b117cbc1f17992dc257237f9e;10010906;ediSys Shop;816-455-8733;G2;R3;1;\"\";S1;C
c37797119b05cd80d6038bf07ae469430aa206ff1ced54d26717115775bf96ca;10011398;Ethyl Store;816-455-8733;G2;R3;1;\"\";S16;C
412dffc3e430580ef04d451694ffc74cae4c8c3232730749d9fd9857d0dea0fd;10020662;Nematron Shop;816-455-8733;G1;R3;1;M1;S19;C
4e2e341b0aeef233f6fe0883327d182cd2c8b462df1ff7fc1bc40aacc6b97e16;10024930;T3West Shop;816-455-8733;G3;R3;1;\"\";S8;C
cdb0ecc6930cf4a92d3ea98ff3cccec71980dfa08dfe867cb7966f079202d74a;10003749;Associates Shop;816-455-8733;G1;R3;1;M1;S19;C
4fef89072f016537350d2e3f7fecc60808845601d3defb781bc5dd014a4a3512;10015495;Hennings;816-455-8733;G2;R3;1;M1;S16;C
04cc6d2fd563d297143f4756fe839005f82d08aa33ef54138d7bb74fef19585b;10018628;K.C. Supermarket;816-455-8733;G2;R2;1;\"\";S5;C
a022e79be5e5b85ec9ce4af39cb9be6cb475c7babc0418c13e4c1a272e8a41ec;10006977;Brazilian Supermarket;816-455-8733;G2;R3;1;\"\";S16;C
2dfaf0ccecd68380ae754a4100bd6023a3ec5d901ef862e558e66872eb5cf524;10009156;Carden Supermarket;816-455-8733;G2;R3;1;\"\";S1;C
e6bad8e8b04e0aaf0246dfe109659860c205a9a467611ab7c44237eae111bd34;10020663;Neos Gigaplace;816-455-8733;G2;R3;1;\"\";S16;C
c5858e9734715872a48b153e717aa2a86f5d80018dc2207205c9dfb74bb18917;10011734;Felidae Enterprises;816-455-8733;G2;R3;1;\"\";S16;C
77082fa34d380a1dd93a8f6a94254f0529fbccf607e96d9c1ddde1ba21c16bfe;10000473;Aaron Supermarket;816-455-8733;G2;R3;1;\"\";S16;C
39b8217e6f57b4fd15b6692d93a8e50ddcc1bbd096a707193d5bd10e287059b5;10002144;ACCUCOMP Shop;816-455-8733;G3;R2;1;\"\";S8;C
52f855a0352c7c5608a9f9eea1437ae93eb5ceab64f4fd3c9a6f475fd72bad9d;10019109;KentISP Shop;816-455-8733;G2;O2;1;\"\";S12;C
56264a31ec9d07eba04312ffab554efa4efbf04ff680579814581c153f5d1194;10022167;Quallaby Megaplace;816-455-8733;G1;R3;1;M1;S16;C
379168d2750ba83431dee621dc328eee685b22bb96a948c3bd84c5f757ffb62a;10010698;Earth Shop;816-455-8733;G2;R3;1;\"\";S16;C
d1bf661793bd20d4cd3d344932bf58604bedcf41479e17f1dc05cca5d09b977e;10010887;Edia Shop;816-455-8733;G3;R3;1;\"\";S5;C
33468bd940bbdb42f1c3e067ded7e4e5792ab8e2bf9275b86748ed710ea76b28;10020192;MATRIX Shop;816-455-8733;G2;R3;1;\"\";S16;C
7e29bca0439b54657fedd7b6b7d6864fa005e44f55d86fc123d99ccf08f2203e;10027348;Zephyr Shop;816-455-8733;G2;R2;1;\"\";S5;I
55746033e35fc31c01f7a9ec4da03e7baf9bdb998014337cbf2ca0d11b88aa9a;10007577;Cam-Built Supermarket;816-455-8733;G2;R3;1;\"\";S1;C
5b40d7138c7d80a2e7cdf5783422b4910034074e5b47ddc00a53cbe0895f1bda;10025296;Trust Supermarket;816-455-8733;G2;R3;1;\"\";S1;C
3bcf4251d89e8735c6d24b418a8dfe4ba6af8c58786fd3faec64032cd68903ea;10000461;A1 Store;816-455-8733;G3;R1;1;\"\";S2;C
8b3aaa0a6061b716cf29e4512c533c2d78c9248eb31d8f07a3de04e5bc8023cc;10000501;Absolute Supermarket;816-455-8733;G3;R3;1;\"\";S5;C
fa616115ded3251f5ebb19bd88013ca017c127499936e87634451bf551172d65;10004302;Berkeley Supermarket;816-455-8733;G2;R3;1;M1;S1;C
16b94e3e76dc16bb162d529815fb327f9821c9161f7c9b5965e6371d30a301cb;10025038;Tanager Shop;816-455-8733;G2;R2;1;\"\";S11;C
e84f3be83dea266e0942ae32e0fdbb11bb950b7b0bc29d4e8f6110097b447295;10026081;Ventana Maxistore;816-455-8733;G1;O2;1;\"\";S1;C
141571aaa2a3f5bc0c153587b0c25adbb0b387d8000ecd7732b9a00df390e0d2;10026294;Wasabi Shop;816-455-8733;G1;R3;1;M1;S19;C
dc988512d18494aa40091d556a4f9a4fd90835a7f228ddf6e2909141280ae1d1;10002412;Acsior Shop;816-455-8733;G1;R3;1;M1;S19;C
92e8b6d6e5105f677bf25b7bb46fb881c1d6f656c352d6acf2ee01b5bc8fb92e;10006093;BigJobs Shop;816-455-8733;G2;R3;1;\"\";S9;C
6831c286ef85e1a4a040d1a5a244337c4d252104cd989bcc40f897b6bf3f6f07;10010970;EDP Shop;816-455-8733;G2;R3;1;\"\";S1;C
806b189a934b2149fdc681a799c297377631dc2f8ff8556d76031f80ccdd1e6d;10025036;Tampa Market;816-455-8733;G2;R3;1;\"\";S9;C
939fee0a290dedbaa96b43b887324b06504c02eb7b7fa90d4455b71f762e35c2;10026009;Vectrix Shop;816-455-8733;G1;R3;1;M1;S18;C
056a0fe38ae8112ea353578525f212c929fb3e02cc2abc091e1f82809cdc1f8b;10021231;Packard Supermarket;816-455-8733;G2;R2;1;\"\";S9;C
8b7464c40878e56cc47232301e5572a01c66732af705900b50fb1614f0c49551;10009639;Data Supermarket;816-455-8733;G1;R3;1;M1;S19;C
f0b4d7d7a912398d708fd8ac4e1e4413fcdc90e20f58c075ac9a5d16edd7067a;10010923;Edmark Shop;816-455-8733;G1;O2;1;\"\";S1;C
1fef53600e13c574a382eaf47691630cc3d3e22d294d477cf126483f91851c6a;10012425;Fins Shop;816-455-8733;G2;R1;1;\"\";S4;C
1eea1e2e99e05b4f557940baa48f00734e2b6f656de03dc136edfb4eafd2a0e7;10013232;Garza Supermarket;816-455-8733;G2;R3;1;\"\";S9;C
48a51f9d20d0f7060c814cdfda404aec8474e8ffc3694d1859584a8494f4cf13;10007258;C3I Shop;816-455-8733;G2;R3;1;\"\";S16;C
1e182004611e0c2b9f5451c9b14e6efe141a8b375c7937e7b0dca260b66fd89b;10008602;Caprica Supermarket;816-455-8733;G2;R3;1;\"\";S1;C
fa124fc0e45627c414802877ad5b73251bfc7630f32fb4850bbbff295d0bbb79;10022201;Quantum Shop;816-455-8733;G1;R3;1;M1;S16;C
9de9a7399db57885456c9ba16cd46c6a890dbf09700d8f00aceced7415683f51;10023023;Crew Superstore;816-455-8733;G2;R1;1;\"\";S20;C
e0e4391c1aea146b7bc608fc9bb908fa637449986f74889da54f7f2e29d1a429;10023489;Robust Store;816-455-8733;G2;R3;1;\"\";S16;C
126360fb7525193720aeffa69f98c85ca81e0f3aea3691ad1bdbfcd2b1e7f78b;10025575;United Market;816-455-8733;G3;R3;1;\"\";S5;C
ee999064c389ee04f383ced5c73ace6fadf713f527287c71f72cd3758fb6d38f;10019900;LiveWire Supermarket;816-455-8733;G2;R3;1;\"\";S16;C
6d4b38a3160e1f99218e60116a7ef9fbbbaadda26439dacdc8596511f290d188;10025285;Transalta Store;816-455-8733;G2;R3;1;\"\";S16;C
b6ebd515010f9a3817d3c62e7eedce57ba69992edb5b518e161eedbfd2f051d5;10019682;Lamson Store;816-455-8733;G2;R3;1;\"\";S3;C
ba686c0ae0b7b9bf45dae6ed39c96a30fc2a50919086430c52c7bd990e05494d;10021179;Pacific Store;816-455-8733;G2;R3;1;\"\";S4;C
aeaba280a105f0382150a2fddc65661764b662f88ba9523bdf86ba9ef9be8077;10026868;Xyratex Shop;816-455-8733;G1;R3;1;M1;S16;C
96df182f8747dcd3fc7fcf8bc90e15c1e9115492f48b5958e3cee727203ad578;10013426;GDC Shop;816-455-8733;G2;R3;1;\"\";S1;C
f68650683d3b937f511db67c3fc870f2bb459a0b479d9bad83acecd0518ad469;10020914;Onetouch Supermarket;816-455-8733;G2;R3;1;\"\";S16;C
b337475af83d155027c336fd936ce6c05b861c5d02d0720d31b454b50258e184;10025919;Vanstars;816-455-8733;G2;R3;1;M1;S16;C
29a68419cb365deef83a38b0cd1a26f4cc1fe65da6ae7d78c83e61d3e1634ff0;10025778;Valicert Midstore;816-455-8733;G2;R3;1;\"\";S16;C
0a7351b9ebcf5c9cc92cbd888ddfa59a5a498cd0aeb7babd4fef6396b56980c2;10024942;Tag Supermarket;816-455-8733;G2;R3;1;\"\";S1;C
9cb91e1455219d224cbdda6a97f0e8b4827b0d4676176f809be61f982836f954;10021750;Paul Store;816-455-8733;G2;R3;1;\"\";S16;I
3f8cfc8102468c7d224c7409d8b6123d460324caec3441456f925787d008fe4f;10005919;Big Store;816-455-8733;G2;R3;1;\"\";S4;C
9164f8f6f1d37efeab0a413406f07a80372055676a67ffb1130ef1cd2dbbc4b3;10002114;Accel Supermarket;816-455-8733;G2;R3;1;\"\";S1;C
7b1c80f583d365bca3f35b594be2eb57a64e5be1bf0dbdbe61cedaec32a1c2a5;10016858;IBVA Shop;816-455-8733;G2;R2;1;\"\";S5;C
dd6e69e3b9586978e07f1418b8bb0281cf7aa883d5debd32ba124118b36cdb3e;10020193;Maui Store;816-455-8733;G2;R2;1;\"\";S5;C
32a1bc95c77927f8523f7cf435004b8ac6a5cd2d5610246591006477367bea9a;10020684;Oklahoma Supermarket;816-455-8733;G2;R3;1;\"\";S1;C
9d15a94f2f459df530587b83eb8505e8b600b54ef40a2cf091f2939b3f67a0b9;10021223;PacificServ Shop;816-455-8733;G2;O2;1;\"\";S12;C
05eed3f48ee3d8a703b2ced7b8662320ffa949bc45c97fd670860089684777ca;10024016;Screen Supermarket;816-455-8733;G1;R3;1;M1;S19;C
e4aa2897977a53e7c0a5731ffc2e02646a2ebca826cce3190e97dc9fa9b60d15;10025284;Towmotor Supermarket;816-455-8733;G2;R3;1;\"\";S16;C
ea90520fe805d83c0a8333c1d567784a5ee5b03dccca11312022ef7e04e65ada;10007253;C3 Supermarket;816-455-8733;G2;O2;1;\"\";S12;C
2045d73f1f03cc79400050712824aa9ead0387bc52fe844161ae313d5c07330f;10018871;Karsings;816-455-8733;G2;O2;1;\"\";S12;C
e834079c48843128b0793a834be0693aec31c6ff405b6434df00334081fa5403;10011546;Farrell Supermarket;816-455-8733;G2;R3;1;\"\";S1;C
83f91673fb72b78ce570547e24380ce74516c3b9e74a6dba6ca0ccd9deaf77f4;10005922;Big Supermarket;816-455-8733;G2;R3;1;\"\";S1;C
a7af32c1cf7afc3fee7093cb4d98e98782103be0bb376dcb9f415b73c60a72fe;10012305;FIND/SVP Shop;816-455-8733;G2;R3;1;\"\";S9;C
d685e1dd75a25799777052010bf65bb7708b0dfa78448ffa094702cc39be8250;10023703;Sarcom Shop;816-455-8733;G1;R3;1;M1;S19;C
4ecaea425bd9db12c3edcb6d430cfe2f169326270e3a578a1785f7da57b1507e;10025418;Ultra-Image Shop;816-455-8733;G2;R2;1;\"\";S3;C
7e544da2ff1860bb14c3086731d06be23cc47b126d2c64f25605e3cf454653dd;10010974;EDS Shop;816-455-8733;G2;R2;1;\"\";S9;C
32111387acde4b271e1d7a6c9388abc806b164b4f21e52de7911c167e3c817b6;10011521;Farr Market;816-455-8733;G2;R2;1;\"\";S5;C
32a8c56e6d3714a006347f953a9ea73e5f75e916174b9b363035ecdad7545d24;10013341;Gatierf Supermarket;816-455-8733;G2;R2;1;\"\";S2;C
72ed1250b698bf2071de0668ea124e2e2f9ac82435b656194148ba12f2f4ca9b;10022490;Racal-Datacom Shop;816-455-8733;G2;R3;1;M1;S16;C
4b4a49402f4d76cb23c8f10038398179c7edf483a4a52029ce16e024ffa4d2a3;10025021;Tailwind Shop;816-455-8733;G2;R3;1;\"\";S16;C
c778391e62a155db040a51c2f5319ab94e923c1323ba5a08264d851cbd5305e2;10002161;ACME Maxiplace;816-455-8733;G2;R2;1;\"\";S4;C
c38368d8360842c86cc5e90e339b08dc727f48a79a3e7671688e600ccc9f75e2;10002969;activeDesign Shop;816-455-8733;G2;R3;1;\"\";S1;C
c9723bf11bf2d641f1c5de4f7cd49b7f5172421cc17d484136403fc89b7c4f89;10012600;FireTrans Shop;816-455-8733;G2;R3;1;\"\";S4;C
6da93ed970e81221f9b960daeed03f73e4f1baa2ce785dc662caedfa3c9c853f;10016045;High Supermarket;816-455-8733;G2;R3;1;\"\";S16;C
b491e315a810a0c8f0ab4ac498a9f71a2f0a81b2502dc9ec03b9eab2eda41547;10012851;Gailey Market;816-455-8733;G2;R3;1;\"\";S1;C
77eeb7eecf222284dff86f472c8d82465a7e7dcf83df065ec4188a070a739cab;10016609;Homestead Market;816-455-8733;G3;R1;1;\"\";S21;C
1b6085af3d3aca147d3f947af8cbe8c4425a2a88b65928813680093164711c74;10017576;Illuminati Shop;816-455-8733;G2;R3;1;\"\";S16;C
9a6c2cb21e3a603f06dd588e72e6ac9ed4240ceae515377005d7914937ef4eaf;10022725;Razorfish Shop;816-455-8733;G2;R3;1;\"\";S16;C
48930b363d2d78e04d35afa8c0a57ac6715176450f6320c74593430bd97d241a;10025024;Talarians;816-455-8733;G2;O2;1;\"\";S12;C
6c49a9e0540505b1f228ae1625c8168f7f42f66cf218faf73306ec70c8275ad1;10025305;Ubicco Shop;816-455-8733;G2;R3;1;\"\";S16;C
31755cf417ba3439ca7e95b85dc96ae51cf425d313012b0fbcbd9578204f2790;10000455;Caribian Supermarket;816-455-8733;G2;R3;1;\"\";S16;C
8d12703178f9d1ec01ecf7ae077e12136e03b23c9306936f0085448c01430768;10002159;ACI Shop;816-455-8733;G1;R3;1;M1;S19;C
e70052f571d8cd30cb3aa20bf3cd021a0a75a338a8f5907329a969e453a20c48;10007448;Cajun Shop;816-455-8733;G2;R3;1;\"\";S16;C
5e977a0347359b098cc2bd81267aed852cf542ba3f1dd439607bb6529903ef65;10021222;Pacifico's;816-455-8733;G2;R3;1;\"\";S16;C
e91d492071fc71bb6bf8eb2bdb4600ef6ceead881ef4ab5a6050569f62db8e86;10024248;Sifton Supermarket;816-455-8733;G2;R3;1;M1;S16;C
66258f9dc4afc550fc881d5bbcdac49450b390f5847d01c3d0d3e4f5be950a8c;10017307;Idyll Store;816-455-8733;G3;R3;1;\"\";S8;C
cfae568815fe5a85527c99402853607cfaafedb354906aad01813393451eb419;10007536;Calypso Maxi Store;816-455-8733;G2;R2;1;\"\";S5;C
fbc0f00bc3d9bb33abc255bee48488e4dc12cb0432ef3e3cf64bc69b6d81f203;10011089;Embedded Supermarket;816-455-8733;G3;R2;1;\"\";S8;C
764209ae780028dc40a9f18fcb1c4f991fc6adb526035f752a34d09f3643166f;10012715;Fokas Midstore;816-455-8733;G2;R3;1;M1;S16;C
28744b64df242456204731495dca291f80a808b792c4c17c4814df210a07cee2;10017314;Idyllwild Shop;816-455-8733;G2;R3;1;\"\";S14;C
4fc28a94a09476a0e62be4351d53c045deb2c4f3cfacbf12998d745551dd17dc;10018371;Joy Supermarket;816-455-8733;G1;R3;1;M1;S19;C
e7961a8bb75467f35e9d8cbb3e5ddd73026a608ddea506081f0fc7ead901dfbb;10019897;Livermore Store;816-455-8733;G2;R3;1;\"\";S16;C
c63d7c3e77ac0f6bd1a1c284a99209fa233aef649a606acc8e8f372bc1541f7b;10026355;We Market;816-455-8733;G2;R3;1;\"\";S3;C
efd60abe40485998c00389990c286ff7db5b4718e9ca14cfe676e0964d599b44;10021158;Pacific Supermarket;816-455-8733;G3;R3;1;\"\";S17;C
2fcfab229ea6d66e445563f95c8a479f1202b669b4b42e021d9bf365953b2b35;10025571;Unitec Maxistore;816-455-8733;G2;R3;1;\"\";S9;C
5e6d217d4ed48848b446d5a36dc105b6d3f6e0e431b806c41cf5a24dea681d0f;10021139;Pace Shop;816-455-8733;G3;R3;1;\"\";S5;C
c141402cef411af6488fd6b0f2eb687a7223ac5a4738e8b6af49f1d17ccb0f1a;10021472;Parabole Shop;816-455-8733;G3;R3;1;\"\";S5;C
069f58ee528f6437baedeae394c2076a1787d1fb4938959b799a6d0b7c67840a;10002244;ACS Market;816-455-8733;G2;O2;1;\"\";S12;C
de89d7d75fadb9909ec8a0041b9860b0cbe9bb52250dfe9c73d1c7e8a8fe8665;10012128;Fifth Supermarket;816-455-8733;G3;R3;1;\"\";S5;C
bcd2c4f5012bc5c550982635cd95b9c3fa281f272e3aaf563ae8a109587cfe81;10016784;IBEX Shop;816-455-8733;G2;R2;1;\"\";S5;C
47b4f354e95fe2c6b3cb3eda0a1c0ceeafdcf60479480c8b9581e2346d7a0985;10026023;VEI Shop;816-455-8733;G2;R3;1;\"\";S15;C
9422d7786509846e51e52b7adf9a0104853eaab855de01c82fff64635ffcb776;10023516;SAIC Supermarket;816-455-8733;G2;R3;1;\"\";S16;C
093ee67fcb765438e0f346fd2e4bf1871783ca7c8e56fc01cfc5313b3f0b2097;10002128;Access Store;816-455-8733;G1;R3;1;M1;S19;C
40944a34b6a657ec58824446ca3463c80d1dae34db7d6525a641cdaadaf7b250;10021668;Pathlight Market;816-455-8733;G2;R3;1;\"\";S1;C
e64c540d678fafb63711d9925acf0a506bfd17c591e3f4de5ea021857389e45c;10023793;Savetz Store;816-455-8733;G2;R2;1;\"\";S2;C
6f8e1b8480595edbf874e195ebbce3c3aa6e3bd1fe4aa5d1891d00cf07138b29;10002220;ACRON Shop;816-455-8733;G3;R3;1;\"\";S5;C
d7982e91380a682d05f3444f8df723b3a260a5fc5e937845c3a7ff70022c7f90;10011499;Farmland Supermarket;816-455-8733;G2;R3;1;\"\";S14;C
f6c6a5d3440afa534ef7c3e9aa44c5bf3f727546a65fc34501495c16c65c9830;10020393;Minneapolis Supermarket;816-455-8733;G2;R3;1;\"\";S1;C
234706ee52364196f2a7ca6409f9ab6832402db4c13a46cdd2e7907428fec779;10025791;Valley Market;816-455-8733;G2;R3;1;M1;S16;C
ad16d9b9109f91512beba0ed17ccb8d1e314a918467005c892ca60f1583ba427;10011093;EMC Shop;816-455-8733;G2;R3;1;M1;S16;C
5e1322557e3e13b6e9fde51a41eeddfbc0cb995f720fa075314165f032fe6c26;10013870;Greymac Trust Company;816-455-8733;G2;R3;1;\"\";S1;C
d2f01c996ba9d6c49e19916aa120d1969f96f1e02aa2a1f84849e0b2aa22c837;10023447;RKS Shop;816-455-8733;G2;R3;1;M1;S16;C
1bf082c3447a8bea9608e7eb815006ab58ece6eeea3dcd2207cd00e0d684cf7b;10025238;Team Supermarket;816-455-8733;G2;R3;1;\"\";S4;C
009a09c90abbb992e6c16ce5a043507f192cbfdadfdab8ae5423a8fa0cbc1100;10025241;TeamStore;816-455-8733;G1;R1;1;\"\";S5;C
04bed14607af5cffde18e504e5615cc1d76b563c9f3686b7d9ce79589e652673;10002501;Action Supermarket;816-455-8733;G1;R3;1;\"\";S19;C
194c6f787be07a23f9b518a0b7075e5619af0b45a2a0310615a5999ebe7a3fd7;10004207;Bell Store;816-455-8733;G1;R3;1;M1;S19;C
22fcce006937f69758425a05c864e2792951011ea6f532addeaff8e65af466ed;10018518;K Shop;816-455-8733;G2;O2;1;\"\";S12;C
01ca2d46601777d16aaf0088e90a859bbf9b428be3e3fa9b1300c8057d8f8eba;10021300;PageWave Megastore;816-455-8733;G2;R2;1;\"\";S9;C
07ec34b0bc0fe5b7c834b47b1663a4dd29ef747287871642962e05cc411c5472;10024262;Signature Shop;816-455-8733;G2;R3;1;\"\";S16;C
ca9cd517e4d7b4281aecb6d8d949f08c424b6a3fe70d5359bda42fa0b57e6d49;10025583;United Market;816-455-8733;G2;R2;1;\"\";S5;C
c764c44bc3fdba8fdbeb010515f24be8412ee937c7eff2e413e7344789a5f4ae;10000460;Meals Market;816-455-8733;G2;R3;1;\"\";S16;C
8fe4c834f7ec995a81b54778704d7ccb42708ad8c11634cf1783c1a5b96d3b27;10023785;Satyam Shop;816-455-8733;G2;R2;1;\"\";S5;C
60d4d92d03498f48869a4a551b728aec1cb5e879f97ad42a78c7d9d7340cf0fc;10026299;Watcom Maxistore;816-455-8733;G2;R3;1;\"\";S16;C
e24b983de9db5a3a13c34a6127f7646c873f1d94fd602b22701de1253e140062;10021936;Pink Supermarket;816-455-8733;G2;R3;1;\"\";S16;C
18e292afe74088f86a9bcc52777a58b1c820e83987d1737d77a445cbbff8abe3;10005006;Betacorp Shop;816-455-8733;G2;R1;1;\"\";S11;C
3f3d1ea3d48cce9364b4861e1950b061239e3b4f0922bca0627f1a44daf17ac9;10013061;Gammel Group;816-455-8733;G3;R3;1;\"\";S5;C
693a3cb52652ba47c6511be6ae175f3da19776406d83958351192599e0e8c1c9;10018363;Jones Stores;816-455-8733;G1;R3;1;M1;S18;C
daff8f557d207c2d4f2a059728e9b32905d984af583b4f49d97b190cfed496cb;10025508;Unimedya Shop;816-455-8733;G3;R3;1;\"\";S5;C
9f6ff698054a61f056ace44f42b79ef6d565da45027423ac193ba9b078f5ca6c;10026521;Xcert Shop;816-455-8733;G1;R3;1;M1;S20;C
cd65522e051bb51e4f43202e114ee4797ab053789e3dc4542b52b4c2744628f2;10014471;Harts Superstore;816-455-8733;G3;R1;1;\"\";S2;C
202e4c726ddebef939ff70fd3366a9bfd9cbf87c468dcdd7bee00127eba372c7;10019812;Lewis Supermarket;816-455-8733;G2;R2;1;\"\";S5;C
df09c6a317aa056de34e9d8a9b8798f7eb5e5b3dc9fb8137d31ac6240c75dbf4;10020445;N.Graphics Shop;816-455-8733;G2;R3;1;\"\";S16;C
fbce76b0b13968961ce9cfa1485fa356275a78462c69d86148a2b969f2562b65;10007183;C.O.F. Shop;816-455-8733;G2;R2;1;\"\";S3;C
95b8f6ecb9751ac348d0e653e46abd655c510c0164ac725bed74b5f5575c31ac;10020931;OutPost Market;816-455-8733;G2;R2;1;\"\";S5;C
78a27bfde4985ec4349d3503761e93c2aac4c73472aefebed193163e99801eb6;10000475;AA-Wizard Shop;816-455-8733;G2;R3;1;\"\";S16;C
00200a49c2d9260e14c2fcc3294906dbf2275933da2912b50cfcf0a3d9f4c2db;10007591;ComeStore;816-455-8733;G1;R3;1;M1;S19;C
ede1a7a764e9deda7bf85610b033061e3ae63f84cab2bd69ec154bc53697d9f9;10025495;UniForum Shop;816-455-8733;G2;R3;1;\"\";S5;C
d64ab79128a76158e1f91771291969fc90ec6efabe1bdde59ef8729a098928b0;10000488;ABI Supermarket;816-455-8733;G1;R3;1;M1;S19;C
579a6154839955a094d5c87983aae2b8c3f9e3890cffe01b5494996c7468a612;10018867;Kari Supermarket;816-455-8733;G2;R3;1;\"\";S16;C
a4159bf329c4f715d2cbb84eac91ee9d76d0830f85d044664fd053a37bf3a87d;10022678;Rave Supermarket;816-455-8733;G2;R3;1;\"\";S16;C
f5dcc12d1e9f904b037048da6f90a569965237ddee153970d1e6cdb30b5bdb4f;10023783;Saturnus Supermarket;816-455-8733;G2;R3;1;\"\";S16;C
147146b7ad646e2279cd242d5d74ae714fb16bca9bf094238a4d7a0e90ed46ee;10025264;Today Shop;816-455-8733;G2;R3;1;\"\";S16;C
8fdd900021c384904d83c2db53bb52788df6abe518629f0d47f61a2cc026dd5a;10008596;Capitolnet Supermarket;816-455-8733;G2;R4;1;\"\";S18;C
b94f51b98af244c732be4bc124bad1d254eb9b993068cdf59588f2d1e0e28947;10015325;Helius Shop;816-455-8733;G2;R2;1;\"\";S5;C
90922c5a59d4302c8984098bca907c108abfd03feebaef139ffe49342fa6c8d6;10016549;Home Store;816-455-8733;G2;R3;1;\"\";S16;C
08328fd40bc01e912f16e029139f880511986202d9b53deb94d723e35fcd36e8;10023509;Safetynet Shop;816-455-8733;G2;R3;1;\"\";S1;C
9da40b21e7d56c706f9a2fcebf4575f2e585545ef40a402fbfcefc4a675fff19;10027575;Zitel Shop;816-455-8733;G2;R3;1;\"\";S1;C
826a25ad7e310b25d3d8143b982e803b8704d58036de15e2f884ec0298a505ba;10009647;Dayton Supermarket;816-455-8733;G2;R3;1;\"\";S16;C
065d7ade9077cd30275f4d20b76ac631544e325931e786bbe23e8cf7b100db0a;10020446;NACSCORP Shop;816-455-8733;G2;R2;1;\"\";S5;C
db3d0b8bf02ad60f30fbb07e718ec84332a9e8cf0cba2637ffea600f7c9ee683;10025242;Teamsolve Shop;816-455-8733;G1;O2;1;\"\";S1;C
02a95ccfc27e882498ea52f5e86941fb448b0be60d878bc4c1508b2fbf34d1d3;10006805;Bitstream Shop;816-455-8733;G1;R3;1;\"\";S16;C
179717ff532c655c3b7873b890b1dbb83555952ca75db8576e667891b8803c5f;10018129;J.M. Market;816-455-8733;G1;R3;1;M1;S19;C
1adcaf23432cbb3c980be0908845a79cbc6fdbd3876a1808e37937a0018fa399;10019420;Keystroke Market;816-455-8733;G1;R3;1;M1;S19;C
e22c8b9428afbf6563c45b54a93111863605a24048df64217e7570cf75b23961;10025063;Taroch Mexistore;816-455-8733;G1;R3;1;M1;S19;C
b129c6e95992120e9b7e901a337a1b7fadb08a4d0ca6c49fe5d371db64a76e73;10009652;Dci Shop;816-455-8733;G3;R1;1;\"\";S21;C
03c4a297c67e2a3637b1d08233eebe81a3dcbd97ee80035850ab9d31a7a5fafb;10021911;Ping Shop;816-455-8733;G2;R3;1;M1;S16;C
286297f3e2a39340e44fdc9cb7d75ee7a6d2f0a218e339150735ad195a215ffd;10021911;PING Shop;816-455-8733;G1;R3;1;M1;S19;C
5dd3731dc9e6ba777aeee9b196a7c93770b70a4979bb409bd52554d6453042e6;10009660;DDR Shop;816-455-8733;G2;R1;1;\"\";S22;C
3b2f79fb2ddcf6ff163013dfa3298d27bff4a32a30d0fba4f685f8eca4cdc06d;10015789;hesketh.com Shop;816-455-8733;G1;R3;1;M1;S19;C
aeb7261f6b8cdfcc81d8148d3302075d48604322fefb5d49033df0f3077b9ea9;10007866;Camros Shop;816-455-8733;G1;R3;1;M1;S16;C
e22215c927f94f66f233ce1b1191b1a11b9486d485b1c04ac85c46e3fc58e480;10009907;Del Supermarket;816-455-8733;G2;R2;1;\"\";S9;C
fdb3abf013d64b76dda74f3a6c858f3af314bbce7d9680ccb5ba7125a63c6d03;10022746;Rdlabs Shop;816-455-8733;G1;R3;1;M1;S19;C
547c1c3db25aaa15051213fec08b884636e809c826df46b3753cb375a10e02a8;10023275;RFI Superstore;816-455-8733;G2;R3;1;\"\";S3;C
07c1b29e2abf4fae8081d07223dbfa2c030cca5d2326851a05f30c185116a97f;10024270;Signatures Superstore;816-455-8733;G2;R3;1;\"\";S4;C
b74f74e3a0b0bef671abe89541387d53383cfccf40d019a399f9ef9cb369067d;10002709;Active Store;816-455-8733;G2;R3;1;\"\";S1;C
2724ec049a76fdb716052f015562efd33b14cb0664e0acd3fc7414c9ffa23ecb;10021415;Pantech Supermarket;816-455-8733;G2;R3;1;\"\";S1;C
8cca8a16b05abba45400c9e2f0c63428e18168c7a12472692d8b155093081c20;10000458;A&R Market;816-455-8733;G2;R3;1;\"\";S9;C
ca6d1f319593b41f6d7ae40e062457560f7b33edafefd9b81f795ee05cbd36bf;10016548;Home Superstore;816-455-8733;G2;R3;1;\"\";S16;C
104f4cba1d6ddeac8b87959797dec1215d33f9d5822d885ef763424fe670eff8;10021380;Pangaea Store;816-455-8733;G2;R3;1;\"\";S9;C
df064ea1e674a9e3f180b9d9c08d60997cdd829a6ecd8edc73ab0837f96a5b3e;10022252;Quantum Supermarket;816-455-8733;G2;R3;1;\"\";S9;C
0f33a127c15c6c9108f8521a6226ebe06bc59155ee696fa3b2a07b2fb838828c;10022687;Ravenwerks Shop;816-455-8733;G3;R3;1;\"\";S5;C
19a15227e327c75a9d9786830e29bd8bff4ab67a371a7f9e300ec6bcb2065afd;10024009;Scottish Supermarket;816-455-8733;G2;R2;1;\"\";S2;C
73f694fc232612ddbcede7d9cdf3d90e04164a3304c5babfdc69eabb1b9b08b7;10005043;Bezeq Shop;816-455-8733;G1;R3;1;M1;S18;C
23a4200f07c02b4cc234f6ddc25c3e07daa0653db85c1a7c93bfc6ec968743d9;10017054;Icon Market;816-455-8733;G2;R3;1;\"\";S1;C
464df3469af82a4fc79f98b9cf4310ad27802aba601adfe5c5d3263e8bfcb039;10018885;Kawneer Market;816-455-8733;G2;R3;1;\"\";S1;C
354c97d979dd4e29e88e9da24beaa58f909b8d02125a0f6901da0877264039ca;10020306;McGraw-Hill Supermarket;816-455-8733;G2;R3;1;\"\";S16;C
8ed5a60d0b1d20a242a76df195e5cb03d217ae62e5ca537a6137f90b9679c8b7;10002154;Acer Superstore;816-455-8733;G3;R2;1;\"\";S8;C
610b8830190600bf17d16708630e57ebdda3e38da267f0c6254e2cc8f0459967;10016588;Bounds Megaplace;816-455-8733;G2;R3;1;M1;S16;C
22e0035d907c885ef43ade01128a37bb02785036196962e2a8d2a638e31df38b;10017553;iLanguage Shop;816-455-8733;G2;R2;1;\"\";S5;C
9112a6ced7d69a236febae3a4811242fbc07328cc88f5b055237aa2e299b7494;10021418;Panzl Shop;816-455-8733;G2;R3;1;\"\";S1;C
afecfde76ec5fa3cea208810cccd7e0935f16ec956cc1bc1f9f91d14f3dca48f;10023778;Satronix Shop;816-455-8733;G2;R3;1;\"\";S16;C
ee9770a3d7a4b4329e7315ed5b2bf93b664040e07099b34d685ad04103361c58;10024924;T.M. Store;816-455-8733;G1;R3;1;M1;S16;C
793e007a47c367d932749dc6644215d66f0dba2e0d24494fe49e90955f7c9743;10011355;Enterprises Shop;816-455-8733;G2;R3;1;\"\";S16;C
02a75d90a9133e2e7b82c0379eabf8a79182deee59f79d0e85d49e5e77d6fe87;10019150;Kentucky Supermarket;816-455-8733;G2;O2;1;\"\";S12;C
d17af2693628884b306ac3762b45dd5d1dbe733317c6d78dbbf7d48c050037ae;10004245;Bens Megaplace;816-455-8733;G2;R2;1;\"\";S3;C
89daa6fc2feb42160acdf086fb304d20d02b9d1924f4dfc78bcff526788eb25c;10005236;BH Supermarket;816-455-8733;G2;R3;1;\"\";S16;C
e04381a8b3ca53ceb60f7f013d7650aec7fe26feac762a3436b4cdb9a80597e6;10024255;Sigma Shop;816-455-8733;G2;O2;1;\"\";S12;C
350ad2284b151f23e178219e63c34ebb2fb82a3ce0fed7d9b058a723b13331be;10026334;Wayne's Market;816-455-8733;G2;R3;1;\"\";S16;C
cf7d9319871acc1d1408331666a4d6cecec265a41e5afb5c8aed7ad360cb754a;10010897;Edify Shop;816-455-8733;G2;R2;1;\"\";S2;C
38caaa14b7da7896dccab1466e876e1c82f5a6f6503b1e45c06cfed664a76c78;10024010;Screaming Market;816-455-8733;G2;R2;1;\"\";S3;C
36bba01e72931483e8254b2b37a6b14475d91c965f999bbc0ab5d2bb08c05795;10025051;Taos Supermarket;816-455-8733;G2;R3;1;\"\";S16;C
08e3c294ecc79aaa7cfc7fd7ce901c6ee1b44964fb6d90d29605683e33b2bb77;10000462;a2i Shop;816-455-8733;G2;R3;1;\"\";S1;C
f65a33f175de3a3a2ea229f747713b782259e1d14676db6bd530412e622edf0a;10009633;Dan Store;816-455-8733;G2;R3;1;\"\";S16;C
472b1b9b9ff4fbe2190e4e6a9e61d7dee686188221f87571d6f9eddb317db3a4;10019678;Laker Market;816-455-8733;G2;R3;1;\"\";S16;C
183301fce84fcfd692362849a2660d3c1f2dbb51ff5acc27add36935463cd3ec;10021145;Pacel Shop;816-455-8733;G2;R2;1;\"\";S5;C
e210b0679c84bfed827d900b32d9d52874edb68c8b3ef695a831bc1954d8fe41;10006848;BizNet Supermarket;816-455-8733;G2;R3;1;\"\";S1;C
f7d892d65f65ad3b74a624857c497c434e3facf8d5feccb9c85e2f8a83bbc6ba;10021111;P.C'S Shop;816-455-8733;G3;R3;1;\"\";S5;C
c7e5f6a7ab2f6e765a96f5821b33798181a1824ba74eb86bfced040774d8ca14;10023212;Reuters Supermarket;816-455-8733;G2;R3;1;\"\";S1;C
bc5efe6d3fc1e5f683ed79ed2ffca1275f55fc77af174737db646bae62429e8a;10010865;ECS Supermarket;816-455-8733;G2;R3;1;\"\";S1;C
a9e05243420898008bb88a968b2e3f62aff0b6f9aba48c09277f6aaa0a309365;10014533;Harvey Shop;816-455-8733;G2;O2;1;\"\";S12;C
9a95921e105d076e807f3b16c83790806274af2907ef4aaf367830e6ff333638;10021204;Pacific Store;816-455-8733;G3;R1;1;\"\";S4;C
b160c5d7ed7ca97b304152d67bf15d28e2e7625bc45490fcfa83068ae81f13e4;10006916;Boott Store;816-455-8733;G2;R3;1;\"\";S16;C
73b56305418a7bfc6252a5b9c0429ee11c22b524fd92d0766d58eb2b56360c61;10024915;Systems Store;816-455-8733;G1;R3;1;M1;S16;C
2d06fe5d060e1910c9175d828a08d2e71616491fc707f16d1ff94f58e8f9e828;10026038;Velos Supermarket;816-455-8733;G1;R3;1;M1;S19;C
85c6f15683e0be43bde9a744c08d29f308166aee84d801e717a233dc2ea9f13f;10027370;Zeroo Gigastore;816-455-8733;G1;R3;1;M1;S19;C
82d701ceae67d282f933f9a7ba280e9e128c59d7de65513689843e58e2620ba4;10011198;e-MDs Shop;816-455-8733;G2;R3;1;\"\";S1;C
bc5ca93741b6ee88af476ea32bfd096c589f090e8071c0a53f2548df63c31a67;10018644;Kabbalah Shop;816-455-8733;G2;R3;1;M1;S16;C
dd6fa523751ab40973887d7f7f2681ed0a0d71737c65f09d4f55e26ecceeff75;10022431;R&J Shop;816-455-8733;G2;R2;1;\"\";S11;C
8540e76bd46d24a012260b805d621940d9fad89c16c5c3dfb5d0cfcb84372ca6;10025049;Tao Store;816-455-8733;G2;R3;1;\"\";S16;C
c1c8cd7b543a1b85e462a954c7554d3f48f284a332f18090ab2c0d562fd81748;10007117;Bre-X Shop;816-455-8733;G1;R3;1;M1;S19;C
4c30aa69f5032064ea6747e19447d6c7b086edfdd8e9d087979d0e3480d45928;10025300;U.S. Market;816-455-8733;G2;R3;1;\"\";S1;C
facb3c55a109deee00fd6c73d928669d6c57c8e35187c49e694456172c99f6e2;10026062;Venable Shop;816-455-8733;G2;R2;1;\"\";S5;C
97730d70b19eb9f604a40e4a9ae3748d16c4efbf331e51e58f8ebbd5dde8f321;10011821;FenP Supermarket;816-455-8733;G2;R3;1;\"\";S5;C
106bc0b805b6605814febd8798abd324cd538909852f0dd2498f034b28374e48;10015824;Heurikon Shop;816-455-8733;G2;R2;1;\"\";S5;C
2aaf1089b2fc288a880f6c7d69fe34353cb618743fc61aab23b137e2dbfd85f4;10010884;EDC Supermarket;816-455-8733;G3;R3;1;M1;S5;C
4050d819d75e171ee34148912beee12742ca563317b7e65bb523d43254bbf7e9;10013574;Gebbie Store;816-455-8733;G2;R3;1;\"\";S16;C
43b10d6804b4ce6dbe00443936e98f1ed8de98c98680cef4b99b994a59f01e30;10020281;Mb Market;816-455-8733;G1;R3;1;M1;S16;C
4d5b936de7a412f871fc79f19f0561496af8bb886c8ecb84524109a7b19bd47c;10000481;Abbott Shop;816-455-8733;G2;R2;1;\"\";S5;C
ae7ccfc975f46e0f5b8ce52f242283497ad63e93d88531b18a8e975496e29645;10009645;Day Market;816-455-8733;G2;O2;1;\"\";S12;C
5365fb71054f3d8a0b97ffd30be07b6ddcab783f3b07dba931370b201085c70a;10011052;Elucidex Shop;816-455-8733;G2;R3;1;\"\";S16;C
6a93a6b470edad7a34878a214d1a3b8869730acff22a0d074d954cb6c23bce4f;10014779;HBO Supermarket;816-455-8733;G2;R3;1;\"\";S16;C
5406a5a6ffa1db5ed10d0ccb955117e90a791e6cf2bccb1c67b149adbfa8063c;10020227;MaxBan Shop;816-455-8733;G2;R3;1;\"\";S16;C
25ff5a05c93137b4ae79b016f7e7fa3c100edf7dc4e3a3bed5a332b2fd541887;10024260;Sigma Supermarket;816-455-8733;G2;R3;1;\"\";S16;C
88bf46370675772832c781cc7fc6ca348457db0eec3e301e483131c4bdfbc1b0;10000486;Aberdeen Shop;816-455-8733;G2;R3;1;\"\";S14;C
40cedcf5a9752cdbe94add2985c420cadc1f4989197e912dfcff0fd1a5e8b39a;10010855;ECI Supermarket;816-455-8733;G2;R3;1;\"\";S16;C
621263a9317bfccab50e2eb1f6d908de8d093ca59c097bc0ddc6faaec50884aa;10015253;Hekimian Store;816-455-8733;G3;R3;1;\"\";S8;C
c914e0e935cf28acff17fe6652ad8c1e84ea144e6860852fac5a2ae5d864d629;10024541;Southern Supermarket;816-455-8733;G2;R3;1;\"\";S9;C
8c4e3d5b1fb9f7d3576b8f40b92277e8b0341f12efc8bee14763eb87bd42f4a4;10026861;Xyplex Shop;816-455-8733;G2;R3;1;\"\";S16;C
bc53aa013bf08c5bb31e11c9780d4fed9348a987af930f969061e51e8f969a61;10017828;Lee Megastore;816-455-8733;G2;R1;1;\"\";S20;C
c9b02a8fac93b7f41036ba3d8c2f89144fa142ed5b65d5d1187458b26f615538;10008134;Canter Shop;816-455-8733;G2;R3;1;M1;S16;C
5287d06b61e01331505d91fc7b46f4229827661ad17038f90ebce92bbca7f4d8;10021006;Overdreams Shop;816-455-8733;G2;R3;1;\"\";S1;C
b459299ace6176f5c0d2664ff709023bf4275239743d2a27cad2baf1a77f9a27;10026843;XVT Shop;816-455-8733;G2;R3;1;\"\";S1;C
3a6ae1e4749c0d284b579cdf6ba2a269b83e0d3b2342a3769202d012922129ec;10012885;Gainunion Shop;816-455-8733;G2;R3;1;\"\";S16;C
4cdf28a4704b6ecd5adad80f25c2eff16fd68884060c0c948e582d1789c28abd;10014803;HCHS Shop;816-455-8733;G2;R3;1;\"\";S16;C
8b4cf41a888134fd5c711c000902d5ab33f4d81011fd3a11d23523ac5c60e3b4;10020449;Nancy Supermarket;816-455-8733;G1;R3;1;M1;S16;C
57bcc2d2899138a972eafc7a2ed30ea048d821ddd7f208d9d52299534ee16011;10024880;Sun Supermarket;816-455-8733;G3;R3;1;\"\";S8;C
c263bca6f18cfec245335640437f59524d6f9eae2a7b9f2c234a11c66a2270ee;10026581;Xetron Shop;816-455-8733;G2;R3;1;\"\";S16;C
fcda4c6d1dbbe7dc04d2c5b483c935ee0e7ffc8675c1a8922ea729fe4db5abfc;10015783;Hershey Supermarket;816-455-8733;G2;R3;1;\"\";S1;I
a9261cbc0676d5ddd7a78a85071991c194aea08c5b322bde899a78afb09fce0f;10019400;Keystar Superstore;816-455-8733;G2;R3;1;\"\";S1;C
3ba61bc15d831e94041c96d6d7947c06511d7cdb52ba305eb0f6053e276a3355;10020390;Miles Supermarket;816-455-8733;G2;R3;1;\"\";S1;C
5dcf5cab98621dd1903014cacd6f79281a8d1e941ed527e3a45bf9ff82e8b169;10026560;Xentec Shop;816-455-8733;G2;O2;1;\"\";S12;C
dde94c35110d5caa39f424294b86f2b25c5830a2ce2c1e732a76f30333758d04;10007457;CalComp Shop;816-455-8733;G3;O2;1;\"\";S1;C
817861f8f1b8dc5515e08644dbdfdb0634e8db068a40e5ca10f912b3face9fe5;10022183;Quantex Supermarket;816-455-8733;G2;R3;1;\"\";S1;C
e420031a1f9a9dd263ce2c1f9c89efe6e20d3aa44b12548ce704b6c14d04e7a3;10024477;Smith Supermarket;816-455-8733;G1;R3;1;M1;S16;C
337d167fa728e75f042ed7c4017396bd35c95c20b71e927826b71563a7f69462;10013127;Garbee Supermarket;816-455-8733;G3;R3;1;M1;S5;C
ea4d1a77b01067fff1057b3a051e335ecd31555638936c8cd08a1e736e6983d3;10022450;R2J2 Shop;816-455-8733;G2;R3;1;M1;S16;C
9cca158f2c5aac4c8776083642f89235b3027e958b9f1fb2f1e480ab5af4b8ae;10024003;Scientific Supermarket;816-455-8733;G2;R2;1;\"\";S3;C
09a8e3f5b0b02d28637d683acaeedf83203d66339ac18d0eb2ab5c8e4be325e6;10001103;AC Store;816-455-8733;G2;R3;1;\"\";S16;C
f81e30759c17b0661213c18b82a5055948b7bdb818ccd1ab22c7242589cae2cc;10006846;Bizmarts Shop;816-455-8733;G2;R3;1;\"\";S1;C
5a95892c64e23ae3e8a9bba0fc74c2a5c46c5b9754f650f29a7fbfefb992068a;10020672;Oki Shop;816-455-8733;G1;R3;1;M1;S19;C
3e9e28d6b803c93fb7f30508f48f513e67f5547e4f607dab940189e6066bf805;10025549;UNIS Supermarket;816-455-8733;G2;R2;1;\"\";S5;C
a7952bbc795686396a7db0fae5ac68cc3c316a9324f08290ab735e3f2f33e205;10027356;Zero Market;816-455-8733;G2;R3;1;\"\";S1;C
757cd9f5a05379118da7f06f8a59df8ac4650c197733f0701c101bddbac2e225;10000474;A-ARVIN Store;816-455-8733;G2;R2;1;\"\";S9;C
d08df2f82e062b3aa6339aad9bf2edbd68ed13d61fcd9ab404fed51d5f9a114c;10015011;Hederman Supermarket;816-455-8733;G1;R3;1;M1;S19;C
16e2e419c9f996cc9f0985054d3adc96e2df9800889534268f33672fcd262fac;10021494;Paraclipse Shop;816-455-8733;G2;R3;1;\"\";S1;C
f367002cc5846fd42861da0c783ee3977d694070174d6619bccb5b5f65889899;10005376;Bibb Store;816-455-8733;G2;R3;1;\"\";S1;C
c6b8a33a2222061f08770d6ee6526997a44ff18ac5233f8ff197973d4a275727;10025288;Transylvania Supermarket;816-455-8733;G1;R3;1;M1;S19;C
c588728eeb4fbe90ee14096e2aa54c6cd781bf2eb083dce1ac54e46e3bf9b6a0;10004255;Bendix Store;816-455-8733;G1;R3;1;M1;S19;C
5826d713c6d0767427b2ab0fcc0a94ef8f8977affc227fa81871eb5f67dac215;10012422;Finishing Shop;816-455-8733;G2;R3;1;\"\";S16;C
bb0704772a7d02c49950ac0c119b51d3fa239af1c461e2852fdf1a78b4c5ed52;10000453;A Supermarket;816-455-8733;G1;R3;1;\"\";S19;C
d42b35c6aa8cd4fe4fda2ab3b0816d5ec3a442d9286b2430ef735be26f2edb2d;10021331;Palo Supermarket;816-455-8733;G2;R2;1;\"\";S5;C
169aef3eb8b0eb5d770e79c93d575a54716e5cb68f30dd92f87bfffa7c479eed;10022168;QualServe Shop;816-455-8733;G2;R1;1;\"\";S11;C
4f4446447c20e3744934cac32f199e6295e3a820484d98fc10bee18838b1d758;10026291;Warsun Supermarket;816-455-8733;G2;R3;1;\"\";S16;C
6e22c60df3996f2064f5b5715f28e7d7903187aa9db3063a627dc1f500529d2c;10010935;Edna Megaplace;816-455-8733;G2;R2;1;\"\";S5;C
61d0f5b100079ab46495b71915a452b4b9b60b65a8849dd663ad0fa3da7f4471;10021297;PageSites Shop;816-455-8733;G2;R3;1;\"\";S1;C
03ef8b255473c7fe3dde426400d43079413726eddb3499d4e7ea391ae5d09f8d;10022166;QualityLogic Shop;816-455-8733;G2;R3;1;\"\";S11;I
dd8c3e3e993fdffb6466cf2f22ccaa074a984d83e26621f3f2025740a7bf8dbe;10025025;Taligent Midstore;816-455-8733;G2;R3;1;M1;S16;C
173dfde9e46f6c91fdcf0aa2315d1e3091d6da848a758c0aaa345220b7a69466;10027572;ZipLip.Com Shop;816-455-8733;G2;R3;1;\"\";S1;C
c7e35323e1b21bd4be15f11036200554c8cf41f4789587425d302b4cf96fd8ab;10006037;Bigelow Store;816-455-8733;G1;R3;1;\"\";S16;C
8aebee01045a58fa926915f43312a82c30599ba341ec96e3453fb468887c09ef;10025037;Tampere Shop;816-455-8733;G2;R2;1;\"\";S4;C
1bbb3f81982c8be27942d3d776128e8d0bb849ff7a5c7a9ed918a7324901406f;10027340;Zentrum Market;816-455-8733;G2;R3;1;\"\";S16;C
4668da08c8e9523a6ad1b3263b64051af0df03a6a8e921b7c9445543469113fb;10022456;Ra Maxistore;816-455-8733;G2;R3;1;\"\";S16;C
9b2f25c35ab9b61fe7f49cdab803512a8136f8d610d7803eb5fe05e7f5d21e11;10014059;GURUs Shop;816-455-8733;G2;R2;1;\"\";S5;C
6e666496ef711f40cb8a31342570f5586af4eadcc841195b18dfacfa7027c7bc;10018146;J.M. Supermarket;816-455-8733;G3;R3;1;\"\";S8;C
0cb0a0610977b642319b3bf1669551d32683dfc16b069c95ee5ba2e2dddfa3cc;10024022;Screen Supermarket;816-455-8733;G2;R1;1;\"\";S20;C
24c3dce900345b5dc48f3af1092f3eaadc03129135ae389c3919ddc26c61946c;10007121;C Market;816-455-8733;G2;R3;1;\"\";S16;C
bb91135717de37b1b2397da03367ae4fb24798ddd12d9eaf24eda454dd01623a;10012369;Finest Supermarket;816-455-8733;G2;R3;1;\"\";S4;C
8571d3cc3c5240a43fa7a2437f78d4b0e83760f5a1e24b897fc52b108d7112bb;10021305;Pallister Supermarket;816-455-8733;G2;R3;1;\"\";S1;C
663a696262215666af47d0e883eed6fef5e80dd7ba60218138b348ab06ae5e8c;10025287;TransCanada Store;816-455-8733;G2;R2;1;\"\";S5;C
1b03b8de29a0665a4c4fba516f7f672f1b73b563c8d5b2352e11612f97368367;10019664;Koppers Supermarket;816-455-8733;G2;R1;1;\"\";S20;C
ef4cd560a2c2ca9d2d1ff88ac42fb8c1453ad75817dde87e23b0e182641031a2;10025552;Unison Medistore;816-455-8733;G2;R3;1;\"\";S13;C
1e177c75e78691897b1518103ac36f6979148f4964a619e070619420a01cf04b;10021175;Pacific Supermarket;816-455-8733;G2;R3;1;\"\";S16;C
a0ea8184d376553086194d2d31c4b4540f7c2dc10281360dc3fcc9bbec1b05f9;10015793;Hetrick Supermarket;816-455-8733;G2;R3;1;\"\";S16;C
d4818f780a0ce0ec68435fe73ee0487859de0be4a461a9b8688decc9811a1f81;10022730;RC Shop;816-455-8733;G2;R2;1;\"\";S9;C
686881bfc61de191b112d76f7ade39c9f444154e7b2f9469e61574ecd6235258;10025034;Talou Shop;816-455-8733;G2;R3;1;\"\";S4;C
6c0292b9221adc64b2721bfbeb92718a5f9d5d7d8cca272b2cb61140dca3f8ff;10027119;Yurie Market;816-455-8733;G2;R3;1;\"\";S16;C
2f8c28057b0ceb26d158d6504f8b1e4fc0e6ef8d357b9918680380b15f864cdb;10021804;Picka Superstore;816-455-8733;G2;R3;1;\"\";S1;C
32a6429d18cded122490924d584f0da761e2775adad1de43b61361917927566c;10025353;Total Store;816-455-8733;G2;R2;1;\"\";S5;I
343de13a0e4e1340f6f2c9c9b303b4f2fc8b5ef77dcc1b46ff1f07b350ddc2ee;10026532;Xediom Shop;816-455-8733;G2;R2;1;\"\";S5;C
791d7d5288da863b835350702e5ba064b2cf1c7b6d23c899de7e6d34f6e8e70b;10009863;Deere Store;816-455-8733;G1;R3;1;M1;S19;C
d5c5aef780edfc44ad63545797bf3e9a3a54ca484ea21ca4cb7d092f16decdde;10020849;OnDeck Store;816-455-8733;G2;R3;1;\"\";S1;C
15e4f891ae7d6f6fab6c1bb2de81033475a415cb9b306ffd018553369217af0b;10023221;Reveal Supermarket;816-455-8733;G2;R3;1;M1;S16;C
a900b3401d74c90e9ca79a2cb6dc78fce126287f3854e7fa373c136a17a3026f;10025239;Teamaker Shop;816-455-8733;G2;R3;1;\"\";S16;C
a6c61c0ef9b99a28545662a051cd0578753fcac8971570e0488977e625f3199d;10005861;Big Supermarket;816-455-8733;G1;R3;1;M1;S19;C
8d9dd4f6f5e144fbeab1c427640a27c99d73d8d8feb1221baf77f98a029fdf3f;10020448;Nanao Shop;816-455-8733;G3;R3;1;\"\";S5;C
c7e0bb060e5fd454cfb381ed9c2eea2fbd4c39d689d34a44c9a10a137a92e32f;10021242;Page Store;816-455-8733;G3;R3;1;\"\";S17;C
4499891282f523c879af04c8255833ca901061f13b2884f27eb69fc84da7a92e;10025269;Toledo Market;816-455-8733;G2;R3;1;M1;S16;C
58e74691a08f0e72cc7b83b2c93bd081796d2e4235e67f0060560b641c72c8fc;10001786;Acara Shop;816-455-8733;G2;R3;1;\"\";S16;C
c1c2420d95c7b207b4affc00abde8c754cebfefaffbeab26948206c97440029d;10023244;Revolutionary Supermarket;816-455-8733;G2;R2;1;\"\";S5;C
50cc487f46b714fdbdd911e1b49359af5d04a4418a9bd98756dbf01947641c92;10007355;CAF Market;816-455-8733;G2;R3;1;\"\";S16;C
442b702b073f4f916bc211b4fe353ecda9d199f1550d738f06f46422cc73a104;10017036;Icon Superstore;816-455-8733;G2;R1;1;\"\";S11;C
e766db10e5718b6add090ecb41cd5eee782514d89e6d31ad746b5b55ab957ba6;10025158;Taskers Supermarket;816-455-8733;G1;R3;1;M1;S19;C
eeaaef3d3de73820498722bf22a1ddbe18e2fac76a2ae0d14f1f098248ce3f26;10019909;LiveWORLD Shop;816-455-8733;G2;R2;1;\"\";S5;C
5e72ddf236b9149a072f858c15725c9323046867d4bf9e67afc20a3d79626df6;10020388;Metro-Goldwyn-Mayer, Supermarket;816-455-8733;G2;R3;1;\"\";S1;C
afa657ac5201679862856ba07aa43e1e4afe3f6a33fea84c3d619d6180988bf6;10025032;Talkland Shop;816-455-8733;G1;R3;1;M1;S19;C
0b7672c78e3b7fd0b3c679a8dffe53f23bf1d43677eb6d350d908304c0c5d641;10025062;TargetedListings Shop;816-455-8733;G2;R3;1;\"\";S1;C
09c4e1ba6409dcd608b847d43abb1466145c4a8df1e3ff79f03599b7b4596f5f;10025304;UBF Shop;816-455-8733;G2;R3;1;\"\";S16;C
1cf78884826d2f82639fd5bd8e868b8e385d89076bc30556d44a96f199dfbcc5;10009653;DCP Supermarket;816-455-8733;G3;R2;1;\"\";S8;C
d90006df554f33ed2da5f0d7af2921a9a827b2a9b9ae675b8ddc3d8807361eaf;10013011;Gamacles Shop;816-455-8733;G1;R3;1;M1;S19;C
21b8273e599f0d840c42af44251946a07a3786b558d6f7ebf5d061414457554a;10013039;Gamma Supermarket;816-455-8733;G2;O2;1;\"\";S12;C
f1b0a626d647cfdd8e9cb2b3694a001fe9919cc74a0866811593de8e62afd399;10000497;Abplus Shop;816-455-8733;G1;R3;1;\"\";S16;C
f2c6311f6c370545c8fdd9622d4ab01a3733750f17bec8672ad82c26e63f2eb2;10000499;ABSolute Shop;816-455-8733;G2;R3;1;\"\";S16;C
3a5a72a92978eef595fad922c92d399ebd23eb336db4b74f2edb7cfb96112b1c;10002520;ActivCard Shop;816-455-8733;G1;R3;1;M1;S19;C
6bacc6b58f8c06d85271b5d15d3aa41ddff950bc523313b1ced65c70722b5840;10012328;Finder Shop;816-455-8733;G2;R1;1;\"\";S5;C
0a579fa50aa5ee5aa06e925052b836a34bf1ea01246413caec81a4793eff3d3b;10019066;KENROB Megaplace;816-455-8733;G2;R3;1;\"\";S1;C
d9602c6eba4be33d1f1634d95b17e89a72791be106de580c52e8207df7becd73;10020492;NBTel Shop;816-455-8733;G2;R3;1;\"\";S16;C
c6a7d5122d6c0d95cd715fbdfb288a1c3be8b1c07148bfa09ef9f09acb0c28e4;10010717;East Shop;816-455-8733;G2;R2;1;\"\";S5;C
72c3b6e1105b2164e389f5330a6e72378788be47802d4498e6ba10ced9776ca9;10024704;Sterling Store;816-455-8733;G2;R3;1;\"\";S1;C
adf4d787e004d3a2a4ef8ebc9aef7acd315ab53f3eb7fa6a38f631a8b803032b;10006862;BL Supermarket;816-455-8733;G2;R3;1;\"\";S1;C
effa99ab4d156ddb439d0ab3ab643f37d9e52883833144e1120c4f61d9839f4b;10009657;DC-Works Shop;816-455-8733;G2;R3;1;\"\";S16;C
0f4b6f631569e73cbcc9b0876d52516039872fdfb77e7e1a6612c7321789be72;10013397;G-Com Supermarket;816-455-8733;G2;R3;1;\"\";S9;C
825fcc28dc23d80d0126326a5e66c86d58e193b96ed59928339f9c3e1a154c44;10023964;Science Store;816-455-8733;G3;R3;1;\"\";S5;C
d8fc693dfe0ef0a70aeacf611c1a77e8f254c5fd1f2f62ebb62754698d698202;10025248;Telus Store;816-455-8733;G2;R3;1;\"\";S16;C
bb095ce66876595a5ab40b20e6b99011f37fe34090f8fda5608e98e23e2cc84b;10027583;zNET Shop;816-455-8733;G2;R2;1;\"\";S5;C
006a742ba5b7599d808ffab9cdb2c83c9278e125ea7736fc4f926559c50655d8;10008893;Caravelle Shop;816-455-8733;G2;R3;1;\"\";S1;C
aafe32a5014d34a16fd028390a6a000097804a4d8b659bc7ca0da57875d408f3;10017072;Iconation Shop;816-455-8733;G2;R3;1;\"\";S9;C
395cb8449919c5b2a2890099068df92be9d276fb9b6d676cfd80508f7dbf67a1;10019879;Litton Shop;816-455-8733;G2;R3;1;\"\";S1;C
89cacf801d9e674cb610c501abc0d32f9109cf1ea303485b6d9f0222095c2421;10020907;Onebox Shop;816-455-8733;G1;R3;1;\"\";S16;C
f9830475b5b5b224da5e95924a21b94e29770b23aa6aacd91053626cc2241161;10025022;Take Supermarket;816-455-8733;G1;R3;1;M1;S19;C
d3714325d60cffb4602155bc8b1a9f5a962c219dc8710d8b94b7ab34dd963c96;10025252;Times Store;816-455-8733;G2;R3;1;\"\";S16;C
f54503a6fd15f089eb342d28825fcac3e11f19f7ad29e44e5491e5c242e0c565;10018877;KAT Store;816-455-8733;G1;R3;1;M1;S17;C
525288b54a8cea4330590347b3a4cfe143bf22a8ca5834c8a91131143b48b99c;10025249;Texasgulf Market;816-455-8733;G2;R1;1;\"\";S11;C
033f14f88413605bc935d0a8a89c44b3728dc704532f35c6a42155bf02e2f51f;10000457;A&G Shop;816-455-8733;G1;O2;1;\"\";S1;C
3bf397f6bc8c5ca985aa1dd9d4b7350d5ffd9b8912b6f1cb200e4e44c5a95b80;10012157;Fifth Store;816-455-8733;G2;R3;1;\"\";S9;C
f564c489c1b3ab88922278f94009dcda1d6883633d9436938abc25aef362d93e;10014264;Harbour Store;816-455-8733;G2;R3;1;\"\";S1;C
aee0d23dcda34f68739526ddddad5d9ca0e03ae46f81ce96abd3efba7a7c5a8a;10021286;PagePoint Shop;816-455-8733;G2;R3;1;\"\";S1;C
9421eb387eb7726445be1ee01460b3b174ea98e9c464b1bfb5b5436783df9259;10021412;Panngea Shop;816-455-8733;G2;R4;1;\"\";S18;C
c4664e023e49341f3b09f3a952091d202d032bfc7bbefbab8d0cc32c90f29975;10022750;Ready-to-Run Shop;816-455-8733;G2;R3;1;M1;S16;C
f4d85087772e6adbbc7bbff72ab16d4ff7acd155a279b8808c1f17abdae615a3;10022978;Relcom Shop;816-455-8733;G2;R3;1;\"\";S16;I
ee916bc15b070ff3350eaefe9bd73b527c68dc4635dfdcfcdf4281ec45d9ff0f;10023022;Renaissance Supermarket;816-455-8733;G3;R2;1;\"\";S8;C
6d70c25e5dce3485778e524a1f635987ed222a4827e9433ff3dd4c30b189a684;10025289;Tredegar Market;816-455-8733;G2;R3;1;\"\";S4;C
765b2a8fe84493d86b5d49d430155363cd280e2ada1080f060a6e1a06472bf7a;10019194;Kerite Company;816-455-8733;G2;R3;1;\"\";S14;C
1c7dd7b50d76833f1dba5a293fbfd8cdef7b7e840a4edeaff0bdf4be6afa31f1;10011345;Emergent Shop;816-455-8733;G2;R3;1;\"\";S16;C
d03dbf67c145a580d826bd899d4462a76ae6eb967f0775c81f379d67a0036a3b;10024006;ScotGold Market;816-455-8733;G2;R3;1;M1;S16;C
28087f83fb716f906b0145610f11d01e030e1eb0de23c8b6496e14ee67243d47;10025291;Trend Market;816-455-8733;G2;R3;1;\"\";S16;C
c73eb2cfe5b57f8676ba0b0d42041f710149d652ec2bde5b40f7bda26e614754;10019665;Labatt Supermarket;816-455-8733;G2;R3;1;M1;S16;C
126e4b82cc06bff677ee559d55f026a9a33a2a87fe87d858cf6a52df4ae65330;10009679;Debenhams Supermarket;816-455-8733;G2;R3;1;\"\";S16;C
f6000dc6364d235d6c59c41cbb4ae91761045404fb73c1b7e0c7ba0f4efbbbd4;10024550;Southwire Store;816-455-8733;G2;R2;1;\"\";S9;C
bc53b5e13ec0551f769e05b502b4698a37c0d9ea5dfc246d3303dde81995ecf6;10011600;FCS Shop;816-455-8733;G2;R3;1;\"\";S5;C
f06b0cf3f07bcb2f9417fcdae2b7c88044852b087105b35c6bf5cc5ee4bb7756;10014804;HCS Shop;816-455-8733;G2;R3;1;\"\";S16;C
86d718c7ebe703ce3349e2eaf3b893552e54b77a9b0c1e3b726b542c9d49697b;10016564;Home Market;816-455-8733;G2;R3;1;\"\";S16;C
83ad9c4cca52dd37de941aaa19b5696195bd8e005240eeba7ab319fec53a4460;10025467;Underwriters Supermarket;816-455-8733;G2;R3;1;\"\";S1;C
6d59f9710a26c6afb4acd722e7a503cf202f193021b0b544266a7ce720b443c1;10000478;Abacus Market;816-455-8733;G2;R3;1;\"\";S16;C
36bbf1f1e5ac121385c1e69479b7b6440ba1cc1d96987c5cd9f135f26aaccfe5;10019105;Kensington Market;816-455-8733;G2;R3;1;\"\";S1;C
3091a4786df9c52857ce389961723538e6c8ed01ec0326ebed2ec0c8cdd94c35;10016542;Holy Supermarket;816-455-8733;G2;O2;1;\"\";S12;C
f5de9259f63ba40922e30684280dae93644f69cfc64c6e2bd21bf9dd780b6c91;10023513;Sagent Shop;816-455-8733;G2;R3;1;\"\";S16;C
97345063fe80242a9587a981e242f7f11c4b379101ad073f7d886f75838e8ff1;10002153;Ace Market;816-455-8733;G2;R2;1;\"\";S5;C
ce9511030d213ecd1caeb3db6ec56398028d88efa916fa0031d3d984954c4937;10009985;E Supermarket;816-455-8733;G2;R3;1;M1;S16;C
1e5173f7da0b1160422f6fcaeafbd58b5fd83ce1b932c033985d20de73210dec;10021411;Panix Shop;816-455-8733;G2;R3;1;\"\";S4;C
0bc5fcba645d178222469ddfffc85d0314192984c757c6288cde7a4f6d0f103e;10025086;Tartanchase Shop;816-455-8733;G1;O2;1;\"\";S1;C
7d455a86549ab2ff06cf0890e2089523724ccb95fa261e38e20f89ad17f9bcdd;10000466;A2Z Store;816-455-8733;G2;R3;1;\"\";S16;C
1f8dfd65fd6b34425bfbc8be0eb161c043283ac0ed37620db1c4cf6ae08801fb;10017585;Ilog Shop;816-455-8733;G2;R3;1;\"\";S16;C
31e36ae6029b9dd3fc02e637435da19e909acee64661d713d9aa09d9b110ce84;10020909;Onestar Shop;816-455-8733;G2;O1;1;\"\";S5;C
247426b927a21134748b0079b09f1f365891ce68c0ea44ded5325227dd7d0efa;10027560;Zilog Shop;816-455-8733;G2;R2;1;\"\";S1;C
c0e2efbf9ad8e77a7a19dd166f23c97bcf848b0b7ba9746466dc5779e52afdec;10011724;Federal Supermarket;816-455-8733;G3;O2;1;\"\";S1;C
e8acabc9003774b8fa2b6938f6509d9f892b8f8b960ecb3241ae8af54f757a10;10020247;MAXSTRAT Shop;816-455-8733;G2;R2;1;\"\";S5;C
7f5fca74eabc5aeb4f0e3db94f83d53c9cd6437330355abba634ebfb1d92974b;10024999;TAGnology Shop;816-455-8733;G2;R2;1;\"\";S5;C
81f5703b77ef4f3a67596e77f22b2d96cc8915e54d4d3916b062cf5b5eb52b2b;10012761;G.R. Supermarket;816-455-8733;G1;R3;1;M1;S16;C
890dbf9e09fbd26d6de1e3e21f0abc95347ebf05e0dfeabdfa6109cfbfa0aa23;10026006;Vector USA;816-455-8733;G3;R3;1;\"\";S5;C
